ID,context,answer,references
1,"about the brain state of the bird, since this can be measured. However, we can ask individuals about whether they sing because they are happy since they are able to tell us. Thus, psychological science is empirical, based on measurable data. In general, science deals only with matter and energy, that is, those things that can be measured, and it cannot arrive at knowledge about values and morality. This is one reason why our scientific understanding of the mind is so limited, since thoughts, at least as we experience them, are neither matter nor energy. The scientific method is also a form of empiricism. An empirical method for acquiring knowledge is one based on observation, including experimentation, rather than a method based only on forms of logical argument or previous authorities.

1.1 What Is Psychology? LEARNING OBJECTIVES By the end of this section, you will be able to: • Define psychology • Understand the merits of an education in psychology What is creativity? What are prejudice and discrimination? What is consciousness? The field of psychology explores questions like these. Psychology refers to the scientific study of the mind and behavior. Psychologists use the scientific method to acquire knowledge. To apply the scientific method, a researcher with a question about how or why something happens will propose a tentative explanation, called a hypothesis, to explain the phenomenon. A hypothesis should fit into the context of a scientific theory, which is a broad explanation or group of explanations for some aspect of the natural world that is consistently

will better serve people of all backgrounds (Women and Minorities in Psychology, n.d.). The Process of Scientific Research Scientific knowledge is advanced through a process known as the scientific method. Basically, ideas (in the form of theories and hypotheses) are tested against the real world (in the form of empirical observations), and those empirical observations lead to more ideas that are tested against the real world, and so on. In this sense, the scientific process is circular. The types of reasoning within the circle are called deductive and inductive. In deductive reasoning, ideas are tested in the real world; in inductive reasoning, real-world observations lead to new ideas (Figure 2.4). These processes are inseparable, like inhaling and exhaling, but different research

and refined to reflect and incorporate the result of these tests Figure 2.5. FIGURE 2.5 The scientific method involves deriving hypotheses from theories and then testing those hypotheses. If the results are consistent with the theory, then the theory is supported. If the results are not consistent, then the theory should be modified and new hypotheses will be generated. To see how this process works, let’s consider a specific theory and a hypothesis that might be generated from that theory. As you’ll learn in a later chapter, the James-Lange theory of emotion asserts that emotional experience relies on the physiological arousal associated with the emotional state. If you walked out of your home and discovered a very aggressive snake waiting on your doorstep, your heart would begin to race

an undergraduate education in psychology are useful in a variety of work contexts. Review Questions 1. Which of the following was mentioned as a skill to which psychology students would be exposed? a. critical thinking b. use of the scientific method c. critical evaluation of sources of information d. all of the above 2. Before psychology became a recognized academic discipline, matters of the mind were undertaken by those in ________. a. biology b. chemistry c. philosophy d. physics 3. In the scientific method, a hypothesis is a(n) ________. a. observation b. measurement c. test d. proposed explanation 4. Based on your reading, which theorist would have been most likely to agree with this statement: Perceptual phenomena are best understood as a combination of their components. a. William

The goal of all scientists is to better understand the world around them. Psychologists focus their attention on understanding behavior, as well as the cognitive (mental) and physiological (body) processes that underlie behavior. In contrast to other methods that people use to understand the behavior of others, such as intuition and personal experience, the hallmark of scientific research is that there is evidence to support a claim. Scientific knowledge is empirical: It is grounded in objective, tangible evidence that can be observed time and time again, regardless of who is observing. While behavior is observable, the mind is not. If someone is crying, we can see behavior. However, the reason for the behavior is more difficult to determine. Is the person crying due to being sad, in

Craven (Halonen, 2011). About 6 percent of all bachelor degrees granted in the United States are in the discipline of psychology (U.S. Department of Education, 2016). An education in psychology is valuable for a number of reasons. Psychology students hone critical thinking skills and are trained in the use of the scientific method. Critical thinking is the active application of a set of skills to information for the understanding and evaluation of that information. The evaluation of information—assessing its reliability and usefulness— is an important skill in a world full of competing “facts,” many of which are designed to be misleading. For example, critical thinking involves maintaining an attitude of skepticism, recognizing internal biases, making use of logical thinking, asking

FIGURE 1.1 Psychology is the scientific study of mind and behavior. (credit ""background"": modification of work by Nattachai Noogure; credit ""top left"": modification of work by Peter Shanks; credit ""top middle"": modification of work by ""devinf""/Flickr; credit ""top right"": modification of work by Alejandra Quintero Sinisterra; credit ""bottom left"": modification of work by Gabriel Rocha; credit ""bottom middle-left"": modification of work by Caleb Roenigk; credit ""bottom middle-right"": modification of work by Staffan Scherz; credit ""bottom right"": modification of work by Czech Provincial Reconstruction Team) INTRODUCTION CHAPTER OUTLINE 1.1 What Is Psychology? 1.2 History of Psychology 1.3 Contemporary Psychology 1.4 Careers in Psychology Clive Wearing is an accomplished musician who lost his","The scientific method in psychology is a process of acquiring knowledge through observation, experimentation, and evidence-based reasoning. It involves proposing a tentative explanation, called a hypothesis, to explain a phenomenon, testing the hypothesis against empirical observations, and refining the hypothesis based on the results. The process is circular, with ideas being tested against the real world and new ideas emerging from the results of those tests. The scientific method in psychology involves deductive and inductive reasoning, where ideas are tested in the real world and real-world observations lead to new ideas, respectively.

The scientific method in psychology is a form of empiricism, based on measurable data and observation, and is used to acquire knowledge about the mind and behavior. It is a systematic and rigorous approach to understanding the world around us, and is essential for advancing scientific knowledge in the field of psychology.","{""sections"": [""1.1 What Is Psychology?"", ""2.1 Why Is Research Important?"", ""1.review Review Questions"", ""1.0 Introduction""], ""pages"": [7, 8, 32, 36, 39, 40]}"
2,"3.2 Cells of the Nervous System LEARNING OBJECTIVES By the end of this section, you will be able to: • Identify the basic parts of a neuron • Describe how neurons communicate with each other • Explain how drugs act as agonists or antagonists for a given neurotransmitter system Psychologists striving to understand the human mind may study the nervous system. Learning how the body's cells and organs function can help us understand the biological basis of human psychology. The nervous system is composed of two basic cell types: glial cells (also known as glia) and neurons. Glial cells are traditionally thought to play a supportive role to neurons, both physically and metabolically. Glial cells provide scaffolding on which the nervous system is built, help neurons line up closely with each

2012; Herculano-Houzel, 2009). Neurons, on the other hand, serve as interconnected information processors that are essential for all of the tasks of the nervous system. This section briefly describes the structure and function of neurons. Neuron Structure Neurons are the central building blocks of the nervous system, 100 billion strong at birth. Like all cells, neurons consist of several different parts, each serving a specialized function (Figure 3.8). A neuron’s outer surface is made up of a semipermeable membrane. This membrane allows smaller molecules and molecules without an electrical charge to pass through it, while stopping larger or highly charged molecules. FIGURE 3.8 This illustration shows a prototypical neuron, which is being myelinated by a glial cell. The nucleus of the

Now that we have learned about the basic structures of the neuron and the role that these structures play in neuronal communication, let’s take a closer look at the signal itself—how it moves through the neuron and then jumps to the next neuron, where the process is repeated. We begin at the neuronal membrane. The neuron exists in a fluid environment—it is surrounded by extracellular fluid and contains intracellular fluid (i.e., cytoplasm). The neuronal membrane keeps these two fluids separate—a critical role because the electrical signal that passes through the neuron depends on the intra- and extracellular fluids being electrically different. This difference in charge across the membrane, called the membrane potential, provides energy for the signal. The electrical charge of the fluids

neurotransmitter and the receptor have what is referred to as a lock-and-key relationship—specific neurotransmitters fit specific receptors similar to how a key fits a lock. The neurotransmitter binds to any receptor that it fits. FIGURE 3.9 (a) The synaptic cleft is the space between the terminal button of one neuron and the dendrite of another neuron. (b) In this pseudo-colored image from a scanning electron microscope, a terminal button (green) has been opened to reveal the synaptic vesicles (orange and blue) inside. Each vesicle contains about 10,000 neurotransmitter molecules. (credit b: modification of work by Tina Carvalho, NIH-NIGMS; scale-bar data from Matt Russell) Neuronal Communication Now that we have learned about the basic structures of the neuron and the role that these

shows a prototypical neuron, which is being myelinated by a glial cell. The nucleus of the neuron is located in the soma, or cell body. The soma has branching extensions known as dendrites. The neuron is a small information processor, and dendrites serve as input sites where signals are received from other neurons. These signals are transmitted electrically across the soma and down a major extension from the soma known as the axon, which ends at multiple terminal buttons. The terminal buttons contain synaptic vesicles that house neurotransmitters, the chemical messengers of the nervous system. Axons range in length from a fraction of an inch to several feet. In some axons, glial cells form a fatty substance known as the myelin sheath, which coats the axon and acts as an insulator,

not confirm the existence of the engram, modern psychologists are making progress locating it. For example, Eric Kandel has spent decades studying the synapse and its role in controlling the flow of information through neural circuits needed to store memories (Mayford, Siegelbaum, & Kandel, 2012). Many scientists believe that the entire brain is involved with memory. However, since Lashley’s research, other scientists have been able to look more closely at the brain and memory. They have argued that memory is located in specific parts of the brain, and specific neurons can be recognized for their involvement in forming memories. The main parts of the brain involved with memory are the amygdala, the hippocampus, the cerebellum, and the prefrontal cortex (Figure 8.8). FIGURE 8.8 The

8.2 Parts of the Brain Involved with Memory LEARNING OBJECTIVES By the end of this section, you will be able to: • Explain the brain functions involved in memory • Recognize the roles of the hippocampus, amygdala, and cerebellum Are memories stored in just one part of the brain, or are they stored in many different parts of the brain? Karl Lashley began exploring this problem, about 100 years ago, by making lesions in the brains of animals such as rats and monkeys. He was searching for evidence of the engram: the group of neurons that serve as the “physical representation of memory” (Josselyn, 2010). First, Lashley (1950) trained rats to find their way through a maze. Then, he used the tools available at the time—in this case a soldering iron—to create lesions in the rats’ brains,

a recessive phenotype, an individual must be homozygous for the recessive allele. Genes affect both physical and psychological characteristics. Ultimately, how and when a gene is expressed, and what the outcome will be—in terms of both physical and psychological characteristics—is a function of the interaction between our genes and our environments. 3.2 Cells of the Nervous System Glia and neurons are the two cell types that make up the nervous system. While glia generally play supporting roles, the communication between neurons is fundamental to all of the functions associated with the nervous system. Neuronal communication is made possible by the neuron’s specialized structures. The soma contains the cell nucleus, and the dendrites extend from the soma in tree-like branches. The axon is","A neuron consists of several different parts, each serving a specialized function. These parts include the soma (cell body), dendrites (branching extensions that receive signals from other neurons), and the axon (a major extension that transmits signals to other neurons). The axon ends at multiple terminal buttons, which contain synaptic vesicles that house neurotransmitters.","{""sections"": [""3.2 Cells of the Nervous System"", ""8.2 Parts of the Brain Involved with Memory"", ""3.review Summary""], ""pages"": [78, 79, 80, 102, 255]}"
3,"(NREM) sleep is subdivided into three stages distinguished from each other and from wakefulness by characteristic patterns of brain waves. The first three stages of sleep are NREM sleep, typically followed by REM sleep. In this section, we will discuss each of these stages of sleep and their associated patterns of brain wave activity. FIGURE 4.7 Brainwave activity changes dramatically across the different stages of sleep. (credit ""sleeping"": modification of work by Ryan Vaarsi) NREM Stages of Sleep As we begin to fall asleep, we enter NREM sleep, and brain wave patterns decrease in frequency and increase in amplitude. The first stage of NREM sleep is known as stage 1 sleep. Stage 1 sleep is a transitional phase that occurs between wakefulness and sleep, the period during which we drift

sleep latencies during subsequent opportunities for sleep sleep regulation brain’s control of switching between sleep and wakefulness as well as coordinating this cycle with the outside world sleep spindle rapid burst of high frequency brain waves during stage 2 sleep that may be important for learning and memory sleepwalking (also, somnambulism) sleep disorder in which the sleeper engages in relatively complex behaviors stage 1 sleep first stage of sleep; transitional phase that occurs between wakefulness and sleep; the period during which a person drifts off to sleep stage 2 sleep second stage of sleep; the body goes into deep relaxation; characterized by the appearance of sleep spindles stage 3 sleep third stage of sleep; deep sleep characterized by low frequency, high amplitude delta

4.3 Stages of Sleep LEARNING OBJECTIVES By the end of this section, you will be able to: • Differentiate between REM and non-REM sleep • Describe the differences between the three stages of non-REM sleep • Understand the role that REM and non-REM sleep play in learning and memory Sleep is not a uniform state of being. Instead, sleep is composed of several different stages that can be differentiated from one another by the patterns of brain wave activity that occur during each stage. While awake, our brain wave activity is dominated by beta waves. As compared to the brain wave patterns while asleep, beta waves have the highest frequency (13–30 Hz) and lowest amplitude, and they tend to show more variability. As we begin to fall asleep, our brain wave activity changes. These changes can be

go extended periods of time without sleep, they will accrue a sleep debt and potentially experience a number of adverse psychological and physiological consequences. 4.2 Sleep and Why We Sleep We devote a very large portion of time to sleep, and our brains have complex systems that control various aspects of sleep. Several hormones important for physical growth and maturation are secreted during sleep. While the reason we sleep remains something of a mystery, there is some evidence to suggest that sleep is very important to learning and memory. 4.3 Stages of Sleep The different stages of sleep are characterized by the patterns of brain waves associated with each stage. As a person transitions from being awake to falling asleep, alpha waves are replaced by theta waves. Sleep spindles and

from being awake to falling asleep, alpha waves are replaced by theta waves. Sleep spindles and K-complexes emerge in stage 2 sleep. Stage 3 and stage 4 are described as slow-wave sleep that is marked by a predominance of delta waves. REM sleep involves rapid movements of the eyes, paralysis of voluntary muscles, and dreaming. Both NREM and REM sleep appear to play important roles in learning and memory. Dreams may represent life events that are important to the dreamer. Alternatively, dreaming may represent a state of protoconsciousness, or a virtual reality, in the mind that helps a person during consciousness. 4.4 Sleep Problems and Disorders Many individuals suffer from some type of sleep disorder or disturbance at some point in their lives. Insomnia is a common experience in which

more variability. As we begin to fall asleep, our brain wave activity changes. These changes can be visualized using an EEG and are distinguished from one another by both the frequency and amplitude of the brain wave. The frequency of a brain wave is how many brain waves occur in a second, and frequency is measured in Hertz (Hz). Amplitude is the height of the brain wave (Figure 4.7). Sleep can be divided into two different general phases: REM sleep and non-REM (NREM) sleep. Rapid eye movement (REM) sleep is characterized by darting movements of the eyes under closed eyelids. Brain waves during REM sleep appear very similar to brain waves during wakefulness. In contrast, non-REM (NREM) sleep is subdivided into three stages distinguished from each other and from wakefulness by

spindle is a rapid burst of higher frequency brain waves that may be important for learning and memory (Fogel & Smith, 2011; Poe, Walsh, & Bjorness, 2010). In addition, the appearance of K-complexes is often associated with stage 2 sleep. A K-complex is a very high amplitude pattern of brain activity that may in some cases occur in response to environmental stimuli. Thus, K-complexes might serve as a bridge to higher levels of arousal in response to what is going on in our environments (Halász, 1993; Steriade & Amzica, 1998). FIGURE 4.9 Stage 2 sleep is characterized by the appearance of both sleep spindles and K-complexes. NREM stage 3 sleep is often referred to as deep sleep or slow-wave sleep because this stage is characterized by low frequency (less than 3 Hz), high amplitude delta

sleep because this stage is characterized by low frequency (less than 3 Hz), high amplitude delta waves (Figure 4.10). These delta waves have the lowest frequency and highest amplitude of our sleeping brain wave patterns. During this time, an individual’s heart rate and respiration slow dramatically, and it is much more difficult to awaken someone from sleep during stage 3 than during earlier stages. Interestingly, individuals who have increased levels of alpha brain wave activity (more often associated with wakefulness and transition into stage 1 sleep) during stage 3 often report that they do not feel refreshed upon waking, regardless of how long they slept (Stone, Taylor, McCrae, Kalsekar, & Lichstein, 2008). FIGURE 4.10 (a) Delta waves, which are low frequency and high amplitude,","The stages of sleep are NREM sleep, which is subdivided into three stages: stage 1, stage 2, and stage 3. Stage 1 sleep is a transitional phase that occurs between wakefulness and sleep, characterized by a decrease in brain wave frequency and an increase in amplitude. Stage 2 sleep is characterized by the appearance of sleep spindles and K-complexes, and is marked by a predominance of delta waves. Stage 3 sleep, also known as deep sleep, is characterized by low frequency and high amplitude delta waves.","{""sections"": [""4.3 Stages of Sleep"", ""4.review Key Terms"", ""4.review Summary""], ""pages"": [117, 118, 138, 139]}"
4,"F. Skinner developed operant conditioning for systematic study of how behaviors are strengthened or weakened according to their consequences. (b) In a Skinner box, a rat presses a lever in an operant conditioning chamber to receive a food reward. (credit a: modification of work by ""Silly rabbit""/Wikimedia Commons) LINK TO LEARNING Watch this brief video to see Skinner's interview and a demonstration of operant conditioning of pigeons (http://openstax.org/l/skinner1) to learn more. In discussing operant conditioning, we use several everyday words—positive, negative, reinforcement, and punishment—in a specialized manner. In operant conditioning, positive and negative do not mean good and bad. Instead, positive means you are adding something, and negative means you are taking something away.

(http://openstax.org/l/virIraq) to learn more. Some behavior therapies employ operant conditioning. Recall what you learned about operant conditioning: We have a tendency to repeat behaviors that are reinforced. What happens to behaviors that are not reinforced? They become extinguished. These principles, defined by Skinner as operant conditioning, can be applied to help people with a wide range of psychological problems. One popular operant conditioning intervention is called the token economy. This involves a controlled setting where individuals are reinforced for desirable behaviors with tokens, such as a poker chip, that can be exchanged for items or privileges. Token economies are often used in psychiatric hospitals to increase patient cooperation and activity levels. Patients are

6.3 Operant Conditioning LEARNING OBJECTIVES By the end of this section, you will be able to: • Define operant conditioning • Explain the difference between reinforcement and punishment • Distinguish between reinforcement schedules The previous section of this chapter focused on the type of associative learning known as classical conditioning. Remember that in classical conditioning, something in the environment triggers a reflex automatically, and researchers train the organism to react to a different stimulus. Now we turn to the second type of associative learning, operant conditioning. In operant conditioning, organisms learn to associate a behavior and its consequence (Table 6.1). A pleasant consequence makes that behavior more likely to be repeated in the future. For example, Spirit,

conditioning, organisms learn to associate events that repeatedly happen together, and researchers study how a reflexive response to a stimulus can be mapped to a different stimulus—by training an association between the two stimuli. Pavlov’s experiments show how stimulus-response bonds are formed. Watson, the founder of behaviorism, was greatly influenced by Pavlov’s work. He tested humans by conditioning fear in an infant known as Little Albert. His findings suggest that classical conditioning can explain how some fears develop. 6.3 Operant Conditioning Operant conditioning is based on the work of B. F. Skinner. Operant conditioning is a form of learning in which the motivation for a behavior happens after the behavior is demonstrated. An animal or a human receives a consequence after

that does not initially elicit a response observational learning type of learning that occurs by watching others operant conditioning form of learning in which the stimulus/experience happens after the behavior is demonstrated partial reinforcement rewarding behavior only some of the time positive punishment adding an undesirable stimulus to stop or decrease a behavior positive reinforcement adding a desirable stimulus to increase a behavior primary reinforcer has innate reinforcing qualities (e.g., food, water, shelter, sex) punishment implementation of a consequence in order to decrease a behavior radical behaviorism staunch form of behaviorism developed by B. F. Skinner that suggested that even complex higher mental functions like human language are nothing more than stimulus-outcome

Key Terms acquisition period of initial learning in classical conditioning in which a human or an animal begins to connect a neutral stimulus and an unconditioned stimulus so that the neutral stimulus will begin to elicit the conditioned response associative learning form of learning that involves connecting certain stimuli or events that occur together in the environment (classical and operant conditioning) classical conditioning learning in which the stimulus or experience occurs before the behavior and then gets paired or associated with the behavior cognitive map mental picture of the layout of the environment conditioned response (CR) response caused by the conditioned stimulus conditioned stimulus (CS) stimulus that elicits a response due to its being paired with an unconditioned

FIGURE 6.2 In operant conditioning, a response is associated with a consequence. This dog has learned that certain behaviors result in receiving a treat. (credit: Crystal Rolfe) Observational learning extends the effective range of both classical and operant conditioning. In contrast to classical and operant conditioning, in which learning occurs only through direct experience, observational learning is the process of watching others and then imitating what they do. A lot of learning among humans and other animals comes from observational learning. To get an idea of the extra effective range that observational learning brings, consider Ben and his son Julian from the introduction. How might observation help Julian learn to surf, as opposed to learning by trial and error alone? By watching

behaviors—they occur naturally and do not involve learning. In contrast, learning is a change in behavior or knowledge that results from experience. There are three main types of learning: classical conditioning, operant conditioning, and observational learning. Both classical and operant conditioning are forms of associative learning where associations are made between events that occur together. Observational learning is just as it sounds: learning by observing others. 6.2 Classical Conditioning Pavlov’s pioneering work with dogs contributed greatly to what we know about learning. His experiments explored the type of associative learning we now call classical conditioning. In classical conditioning, organisms learn to associate events that repeatedly happen together, and researchers","Operant conditioning is a form of learning in which the motivation for a behavior happens after the behavior is demonstrated. It is based on the work of B. F. Skinner and involves a response being associated with a consequence. This type of learning is characterized by the repetition of behaviors that are reinforced, and the extinction of behaviors that are not reinforced. 

Operant conditioning can be further distinguished into several types, including partial reinforcement, primary reinforcer, positive punishment, positive reinforcement, and punishment.","{""sections"": [""6.3 Operant Conditioning"", ""16.2 Types of Treatment"", ""6.review Review Questions"", ""6.review Key Terms"", ""6.1 What Is Learning?""], ""pages"": [183, 192, 193, 207, 208, 611]}"
5,"Key Terms algorithm problem-solving strategy characterized by a specific set of instructions analytical intelligence aligned with academic problem solving and computations anchoring bias faulty heuristic in which you fixate on a single aspect of a problem to find a solution artificial concept concept that is defined by a very specific set of characteristics availability heuristic faulty heuristic in which you make a decision based on information readily available to you cognition thinking, including perception, learning, problem solving, judgment, and memory cognitive psychology field of psychology dedicated to studying every aspect of how people think cognitive script set of behaviors that are performed the same way each time; also referred to as an event schema concept category or

FIGURE 7.1 Thinking is an important part of our human experience, and one that has captivated people for centuries. Today, it is one area of psychological study. The 19th-century Girl with a Book by José Ferraz de Almeida Júnior, the 20th-century sculpture The Thinker by August Rodin, and Shi Ke’s 10th-century painting Huike Thinking all reflect the fascination with the process of human thought. (credit “middle”: modification of work by Jason Rogers; credit “right”: modification of work by Tang Zu-Ming) INTRODUCTION CHAPTER OUTLINE 7.1 What Is Cognition? 7.2 Language 7.3 Problem Solving 7.4 What Are Intelligence and Creativity? 7.5 Measures of Intelligence 7.6 The Source of Intelligence What is the best way to solve a problem? How does a person who has never seen or touched snow in real

these things done before you head to class or will they need to wait until school is done? These thoughts are one example of cognition at work. Exceptionally complex, cognition is an essential feature of human consciousness, yet not all aspects of cognition are consciously experienced. Cognitive psychology is the field of psychology dedicated to examining how people think. It attempts to explain how and why we think the way we do by studying the interactions among human thinking, emotion, creativity, language, and problem solving, in addition to other cognitive processes. Cognitive psychologists strive to determine and measure different types of intelligence, why some people are better at problem solving than others, and how emotional intelligence affects success in the workplace, among

concepts. Some schemata involve routines of thought and behavior, and these help us function properly in various situations without having to “think twice” about them. Schemata show up in social situations and routines of daily behavior. 7.2 Language Language is a communication system that has both a lexicon and a system of grammar. Language acquisition occurs naturally and effortlessly during the early stages of life, and this acquisition occurs in a predictable sequence for individuals around the world. Language has a strong influence on thought, and the concept of how language may influence cognition remains an area of study and debate in psychology. 7.3 Problem Solving Many different strategies exist for solving problems. Typical strategies include trial and error, applying

of research (Miller, 2003). Cognitive psychologists have research interests that span a spectrum of topics, ranging from attention to problem solving to language to memory. The approaches used in studying these topics are equally diverse. Given such diversity, cognitive psychology is not captured in one chapter of this text per se; rather, various concepts related to cognitive psychology will be covered in relevant portions of the chapters in this text on sensation and perception, thinking and intelligence, memory, lifespan development, social psychology, and therapy. Developmental Psychology Developmental psychology is the scientific study of development across a lifespan. Developmental psychologists are interested in processes related to physical maturation. However, their focus is not

mental set continually using an old solution to a problem without results morpheme smallest unit of language that conveys some type of meaning Multiple Intelligences Theory Gardner’s theory that each person possesses at least eight types of intelligence natural concept mental groupings that are created “naturally” through your experiences norming administering a test to a large population so data can be collected to reference the normal scores for a population and its groups overgeneralization extension of a rule that exists in a given language to an exception to the rule phoneme basic sound unit of a given language practical intelligence aka “street smarts” problem-solving strategy method for solving problems prototype best representation of a concept range of reaction each person’s

is time-sensitive and must be sent overnight. You finished the report last night, but your printer will not work today. What should you do? First, you need to identify the problem and then apply a strategy for solving the problem. Problem-Solving Strategies When you are presented with a problem—whether it is a complex mathematical problem or a broken printer, how do you solve it? Before finding a solution to the problem, the problem must first be clearly identified. After that, one of many problem solving strategies can be applied, hopefully resulting in a solution. A problem-solving strategy is a plan of action used to find a solution. Different strategies have different action plans associated with them (Table 7.2). For example, a well-known strategy is trial and error. The old adage,

relating to stress. Coping Styles Lazarus and Folkman (1984) distinguished two fundamental kinds of coping: problem-focused coping and emotion-focused coping. In problem-focused coping, one attempts to manage or alter the problem that is causing one to experience stress (i.e., the stressor). Problem-focused coping strategies are similar to strategies used in everyday problem-solving: they typically involve identifying the problem, considering possible solutions, weighing the costs and benefits of these solutions, and then selecting an alternative (Lazarus & Folkman, 1984). As an example, suppose Bradford receives a midterm notice that he is failing statistics class. If Bradford adopts a problem-focused coping approach to managing his stress, he would be proactive in trying to alleviate","Problem-solving in psychology is a process of identifying a problem, generating solutions, and selecting an effective solution. It involves a series of steps, including identifying the problem, generating possible solutions, evaluating the pros and cons of each solution, and selecting the best solution. This process can be approached in different ways, including trial and error, and can be influenced by various factors such as cognitive biases and emotional states.","{""sections"": [""7.review Key Terms"", ""7.0 Introduction"", ""7.1 What Is Cognition?"", ""7.review Summary"", ""1.3 Contemporary Psychology"", ""7.3 Problem Solving"", ""14.4 Regulation of Stress""], ""pages"": [21, 213, 214, 222, 241, 242, 514]}"
6,"it in storage. Storage is the creation of a permanent record of information. In order for a memory to go into storage (i.e., long-term memory), it has to pass through three distinct stages: Sensory Memory, Short-Term Memory, and finally Long-Term Memory. These stages were first proposed by Richard Atkinson and Richard Shiffrin (1968). Their model of human memory (Figure 8.4), called Atkinson and Shiffrin's model, is based on the belief that we process memories in the same way that a computer processes information. FIGURE 8.4 According to the Atkinson-Shiffrin model of memory, information passes through three distinct stages in order for it to be stored in long-term memory. Atkinson and Shiffrin's model is not the only model of memory. Baddeley and Hitch (1974) proposed a working memory

to yourself 12. Memory aids that help organize information for encoding are ________. a. mnemonic devices b. memory-enhancing strategies c. elaborative rehearsal d. effortful processing Critical Thinking Questions 13. Compare and contrast implicit and explicit memory. 14. According to the Atkinson-Shiffrin model, name and describe the three stages of memory.

8.1 How Memory Functions LEARNING OBJECTIVES By the end of this section, you will be able to: • Discuss the three basic functions of memory • Describe the three stages of memory storage • Describe and distinguish between procedural and declarative memory and semantic and episodic memory Memory is an information processing system; therefore, we often compare it to a computer. Memory is the set of processes used to encode, store, and retrieve information over different periods of time (Figure 8.2). FIGURE 8.2 Encoding involves the input of information into the memory system. Storage is the retention of the encoded information. Retrieval, or getting the information out of memory and back into awareness, is the third function. LINK TO LEARNING Watch this video about the neuroscience of memory

that stores what we learn for future use. Our memory has three basic functions: encoding, storing, and retrieving information. Encoding is the act of getting information into our memory system through automatic or effortful processing. Storage is retention of the information, and retrieval is the act of getting information out of storage and into conscious awareness through recall, recognition, and relearning. The idea that information is processed through three memory systems is called the Atkinson-Shiffrin model of memory. First, environmental stimuli enter our sensory memory for a period of less than a second to a few seconds. Those stimuli that we notice and pay attention to then move into short-term memory. According to the Atkinson-Shiffrin model, if we rehearse this information,

your hair and teeth, to driving to work, to knowing how to perform your job once you get there. There are three ways you can retrieve information out of your long-term memory storage system: recall, recognition, and relearning. Recall is what we most often think about when we talk about memory retrieval: it means you can access information without cues. For example, you would use recall for an essay test. Recognition happens when you identify information that you have previously learned after encountering it again. It involves a process of comparison. When you take a multiple-choice test, you are relying on recognition to help you choose the correct answer. Here is another example. Let’s say you graduated from high school 10 years ago, and you have returned to your hometown for your

d. implicit memory 2. The storage capacity of long-term memory is ________. a. one or two bits of information b. seven bits, plus or minus two c. limited d. essentially limitless 3. The three functions of memory are ________. a. automatic processing, effortful processing, and storage b. encoding, processing, and storage c. automatic processing, effortful processing, and retrieval d. encoding, storage, and retrieval 4. This physical trace of memory is known as the ________. a. engram b. Lashley effect c. Deese-Roediger-McDermott Paradigm d. flashbulb memory effect 5. An exceptionally clear recollection of an important event is a (an) ________. a. engram b. arousal theory c. flashbulb memory d. equipotentiality hypothesis

than stored in one specific area. Now we know that three brain areas do play significant roles in the processing and storage of different types of memories: cerebellum, hippocampus, and amygdala. The cerebellum’s job is to process procedural memories; the hippocampus is where new memories are encoded; the amygdala helps determine what memories to store, and it plays a part in determining where the memories are stored based on whether we have a strong or weak emotional response to the event. Strong emotional experiences can trigger the release of neurotransmitters, as well as hormones, which strengthen memory, so that memory for an emotional event is usually stronger than memory for a non-emotional event. This is shown by what is known as the flashbulb memory phenomenon: our ability to

Key Terms absentmindedness lapses in memory that are caused by breaks in attention or our focus being somewhere else acoustic encoding input of sounds, words, and music amnesia loss of long-term memory that occurs as the result of disease, physical trauma, or psychological trauma anterograde amnesia loss of memory for events that occur after the brain trauma arousal theory strong emotions trigger the formation of strong memories and weaker emotional experiences form weaker memories Atkinson-Shiffrin model memory model that states we process information through three systems: sensory memory, short-term memory, and long-term memory automatic processing encoding of informational details like time, space, frequency, and the meaning of words bias how feelings and view of the world distort","The three stages of memory, according to the Atkinson-Shiffrin model, are Sensory Memory, Short-Term Memory, and Long-Term Memory. Sensory Memory is the initial stage where information is temporarily stored for a short period of time, usually a fraction of a second. Short-Term Memory is the next stage where information is held for a longer period of time, typically up to 30 seconds, and is subject to rehearsal and consolidation. Long-Term Memory is the final stage where information is stored permanently, allowing for retrieval through recall, recognition, or relearning.","{""sections"": [""8.1 How Memory Functions"", ""8.review Critical Thinking Questions"", ""8.review Summary"", ""8.review Review Questions"", ""8.review Key Terms""], ""pages"": [248, 250, 255, 273, 274, 275, 276]}"
7,"section closes with a discussion of the ubiquitous nature of facial expressions of emotion and our abilities to recognize those expressions in others. Theories of Emotion Our emotional states are combinations of physiological arousal, psychological appraisal, and subjective experiences. Together, these are the components of emotion, and our experiences, backgrounds, and cultures inform our emotions. Therefore, different people may have different emotional experiences even when faced with similar circumstances. Over time, several different theories of emotion, shown in Figure 10.21, have been proposed to explain how the various components of emotion interact with one another. FIGURE 10.21 This figure illustrates the major assertions of the James-Lange, Cannon-Bard, and Schachter-Singer

10.4 Emotion LEARNING OBJECTIVES By the end of this section, you will be able to: • Explain the major theories of emotion • Describe the role that limbic structures play in emotional processing • Understand the ubiquitous nature of producing and recognizing emotional expression As we move through our daily lives, we experience a variety of emotions. An emotion is a subjective state of being that we often describe as our feelings. Emotions result from the combination of subjective experience, expression, cognitive appraisal, and physiological responses (Levenson, Carstensen, Friesen, & Ekman, 1991). However, as discussed later in the chapter, the exact order in which the components occur is not clear, and some parts may happen at the same time. An emotion often begins with a subjective

This would seem to suggest that the pattern of activity in facial muscles involved in generating emotional expressions is universal, and indeed, this idea was suggested in the late 19th century in Charles Darwin’s book The Expression of Emotions in Man and Animals (1872). In fact, there is substantial evidence for seven universal emotions that are each associated with distinct facial expressions. These include: happiness, surprise, sadness, fright, disgust, contempt, and anger (Figure 10.24) (Ekman & Keltner, 1997). FIGURE 10.24 The seven universal facial expressions of emotion are shown. (credit: modification of work by Cory Zanker) Of course, emotion is not only displayed through facial expression. We also use the tone of our voices, various behaviors, and body language to communicate

reported physiological arousal differences associated with the intensities of one type of smile. G. Marañon Posadillo was a Spanish physician who studied the psychological effects of adrenaline to create a model for the experience of emotion. Marañon's model preceded Schachter's two-factor or arousal-cognition theory of emotion (Cornelius, 1991). The Schachter-Singer two-factor theory of emotion is another variation on theories of emotions that takes into account both physiological arousal and the emotional experience. According to this theory, emotions are composed of two factors: physiological and cognitive. In other words, physiological arousal is interpreted in context to produce the emotional experience. In revisiting our example involving the venomous snake in your backyard, the

those of the same gender or to those of another gender body language emotional expression through body position or movement bulimia nervosa type of eating disorder characterized by binge eating followed by purging Cannon-Bard theory of emotion physiological arousal and emotional experience occur at the same time central nucleus part of the brain involved in attention and has connections with the hypothalamus and various brainstem areas to regulate the autonomic nervous and endocrine systems’ activity cognitive-mediational theory our emotions are determined by our appraisal of the stimulus components of emotion physiological arousal, psychological appraisal, and subjective experience cultural display rule one of the culturally specific standards that govern the types and frequencies of

FIGURE 10.1 Emotions can change in an instant, especially in response to an unexpected event. Surprise, fear, anger, and sadness are some immediate emotions that people experienced in the aftermath of the April 15, 2013 Boston Marathon bombing. What are emotions? What causes them? What motivated some bystanders to immediately help others, while other people ran for safety? (credit: modification of work by Aaron ""tango"" Tang) INTRODUCTION CHAPTER OUTLINE 10.1 Motivation 10.2 Hunger and Eating 10.3 Sexual Behavior 10.4 Emotion What makes us behave as we do? What drives us to eat? What drives us toward sex? Is there a biological basis to explain the feelings we experience? How universal are emotions? In this chapter, we will explore issues relating to both motivation and emotion. We will

related, but distinct, concepts. 10.4 Emotion Emotions are subjective experiences that consist of physiological arousal and cognitive appraisal. Various theories have been put forward to explain our emotional experiences. The James-Lange theory asserts that emotions arise as a function of physiological arousal. The Cannon-Bard theory maintains that emotional experience occurs simultaneous to and independent of physiological arousal. The Schachter-Singer two-factor theory suggests that physiological arousal receives cognitive labels as a function of the relevant context and that these two factors together result in an emotional experience. The limbic system is the brain’s emotional circuit, which includes the amygdala and the hippocampus. Both of these structures are implicated in playing

the world to political policies. Typically, attitudes are favorable or unfavorable: positive or negative (Eagly & Chaiken, 1993). And, they have three components: an affective component (feelings), a behavioral component (the effect of the attitude on behavior), and a cognitive component (belief and knowledge) (Rosenberg & Hovland, 1960). For example, you may hold a positive attitude toward recycling. This attitude should result in positive feelings toward recycling (such as “It makes me feel good to recycle” or “I enjoy knowing that I make a small difference in reducing the amount of waste that ends up in landfills”). Certainly, this attitude should be reflected in our behavior: You actually recycle as often as you can. Finally, this attitude will be reflected in favorable thoughts (for","According to the context, the key components of emotion are physiological arousal, psychological appraisal, and subjective experiences. These components interact with one another to form an emotional state. Physiological arousal refers to the physiological responses that occur in response to a stimulus, such as a rapid heartbeat or increased blood pressure. Psychological appraisal refers to the cognitive evaluation of the stimulus, such as interpreting a threat as a danger. Subjective experiences refer to the individual's personal feelings and sensations, such as fear or happiness.","{""sections"": [""10.4 Emotion"", ""10.review Key Terms"", ""10.0 Introduction"", ""10.review Summary"", ""12.3 Attitudes and Persuasion""], ""pages"": [321, 342, 343, 345, 350, 353, 354, 409]}"
8,"theory in personality psychology today and the most accurate approximation of the basic personality dimensions (Funder, 2001). The five factors are openness to experience, conscientiousness, extroversion, agreeableness, and neuroticism (Figure 11.14). A helpful way to remember the factors is by using the mnemonic OCEAN. In the Five Factor Model, each person has each factor, but they occur along a spectrum. Openness to experience is characterized by imagination, feelings, actions, and ideas. People who score high on this factor tend to be curious and have a wide range of interests. Conscientiousness is characterized by competence, self- discipline, thoughtfulness, and achievement-striving (goal-directed behavior). People who score high on this factor are hardworking and dependable.

trait dimensions are sufficient to capture the variations in personality seen across individuals. These five dimensions are known as the “Big Five” or the Five Factor model, and include dimensions of conscientiousness, agreeableness, neuroticism, openness, and extraversion (Figure 1.13). Each of these traits has been demonstrated to be relatively stable over the lifespan (e.g., Rantanen, Metsäpelto, Feldt, Pulkinnen, and Kokko, 2007; Soldz & Vaillant, 1999; McCrae & Costa, 2008) and is influenced by genetics (e.g., Jang, Livesly, and Vernon, 1996). FIGURE 1.13 Each of the dimensions of the Five Factor model is shown in this figure. The provided description would describe someone who scored highly on that given dimension. Someone with a lower score on a given dimension could be described

free will and self-determination, with each individual desiring to become the best person they can become. 11.6 Biological Approaches Some aspects of our personalities are largely controlled by genetics; however, environmental factors (such as family interactions) and maturation can affect the ways in which children’s personalities are expressed. 11.7 Trait Theorists Trait theorists attempt to explain our personality by identifying our stable characteristics and ways of behaving. They have identified important dimensions of personality. The Five Factor Model is the most widely accepted theory today. The five factors are openness, conscientiousness, extroversion, agreeableness, and neuroticism. These factors occur along a continuum. 11.8 Cultural Understandings of Personality The culture

Test (C-TCB) projective test designed to be culturally relevant to African Americans, using images that relate to African-American culture culture all of the beliefs, customs, art, and traditions of a particular society defense mechanism unconscious protective behaviors designed to reduce ego anxiety displacement ego defense mechanism in which a person transfers inappropriate urges or behaviors toward a more acceptable or less threatening target ego aspect of personality that represents the self, or the part of one’s personality that is visible to others Five Factor Model theory that personality is composed of five factors, including openness, conscientiousness, extroversion, agreeableness, and neuroticism genital stage psychosexual stage in which the focus is on mature sexual interests

an alternative model for conceptualizing personality disorders based on the traits identified in the Five Factor Model of personality. This model addresses the level of personality functioning such as impairments in self (identity or self-direction) and interpersonal (empathy or intimacy) functioning. In the case of antisocial personality disorder, the DSM-5 identifies the predominant traits of antagonism (such as disregard for others’ needs, manipulative or deceitful behavior) and disinhibition (characterized by impulsivity, irresponsibility, and risk-taking) (Harwood, Schade, Krueger, Wright, & Markon, 2012). A psychopathology specifier is also included that emphasizes traits such as attention seeking and low anxiousness (lack of concern about negative consequences for risky or harmful

versus superego control (Eysenck, Eysenck & Barrett, 1985). In this dimension, people who are high on psychoticism tend to be independent thinkers, cold, nonconformists, impulsive, antisocial, and hostile, whereas people who are high on superego control tend to have high impulse control—they are more altruistic, empathetic, cooperative, and conventional (Eysenck, Eysenck & Barrett, 1985). While Cattell’s 16 factors may be too broad, the Eysenck’s two-factor system has been criticized for being too narrow. Another personality theory, called the Five Factor Model, effectively hits a middle ground, with its five factors referred to as the Big Five personality factors. It is the most popular theory in personality psychology today and the most accurate approximation of the basic personality

have found that conscientiousness increases through young adulthood into middle age, as we become better able to manage our personal relationships and careers (Donnellan & Lucas, 2008). Agreeableness also increases with age, peaking between 50 to 70 years (Terracciano, McCrae, Brant, & Costa, 2005). Neuroticism and extroversion tend to decline slightly with age (Donnellan & Lucas; Terracciano et al.). Additionally, The Big Five factors have been shown to exist across ethnicities, cultures, and ages, and may have substantial biological and genetic components (Jang, Livesley, & Vernon, 1996; Jang et al., 2006; McCrae & Costa, 1997; Schmitt et al., 2007). Another model of personality traits is the HEXACO model. HEXACO is an acronym for six broad traits: honesty- humility, emotionality,

is the HEXACO model. HEXACO is an acronym for six broad traits: honesty- humility, emotionality, extraversion, agreeableness, conscientiousness, and openness to experience (Anglim & O’Connor, 2018). Table 11.6 provides a brief overview of each trait. The HEXACO Traits Trait Example Aspects of Trait (H) Honesty-humility Sincerity, modesty, faithfulness (E) Emotionality Sentimentality, anxiety, sensitivity (X) Extraversion Sociability, talkativeness, boldness (A) Agreeableness Patience, tolerance, gentleness (C) Conscientiousness Organization, thoroughness, precision (O) Openness Creativity, inquisitiveness, innovativeness TABLE 11.6 LINK TO LEARNING Take the Big Five Personality test (http://openstax.org/l/big5) to find out about your personality and where you fall on the Big Five factors.","The major personality traits in the Five Factor Model are openness to experience, conscientiousness, extroversion, agreeableness, and neuroticism. These five factors are often remembered using the mnemonic OCEAN. Each person has each factor, but they occur along a spectrum, with individuals scoring high or low on each factor. The five factors are characterized by specific traits, such as openness to experience being characterized by imagination, feelings, actions, and ideas, and conscientiousness being characterized by competence, self-discipline, thoughtfulness, and achievement-striving.","{""sections"": [""11.7 Trait Theorists"", ""1.3 Contemporary Psychology"", ""11.review Summary"", ""11.review Key Terms"", ""15.11 Personality Disorders""], ""pages"": [22, 382, 383, 391, 393, 585]}"
9,"Summary 12.1 What Is Social Psychology? Social psychology is the subfield of psychology that studies the power of the situation to influence individuals’ thoughts, feelings, and behaviors. Psychologists categorize the causes of human behavior as those due to internal factors, such as personality, or those due to external factors, such as cultural and other social influences. Behavior is better explained, however, by using both approaches. Lay people tend to over-rely on dispositional explanations for behavior and ignore the power of situational influences, a perspective called the fundamental attribution error. People from individualistic cultures are more likely to display this bias versus people from collectivistic cultures. Our explanations for our own and others behaviors can be biased

12.2 Self-presentation LEARNING OBJECTIVES By the end of this section, you will be able to: • Describe social roles and how they influence behavior • Explain what social norms are and how they influence behavior • Define script • Describe the findings and criticisms of Zimbardo’s Stanford prison experiment As you’ve learned, social psychology is the study of how people affect one another’s thoughts, feelings, and behaviors. We have discussed situational perspectives and social psychology’s emphasis on the ways in which a person’s environment, including culture and other social influences, affect behavior. In this section, we examine situational forces that have a strong influence on human behavior including social roles, social norms, and scripts. We discuss how humans use the social

12.1 What Is Social Psychology? LEARNING OBJECTIVES By the end of this section, you will be able to: • Define social psychology • Describe situational versus dispositional influences on behavior • Describe the fundamental attribution error • Explain actor-observer bias • Describe self-serving bias • Explain the just-world hypothesis Social psychology examines how people affect one another, and it looks at the power of the situation. According to the American Psychological Association (n.d.), social psychologists ""are interested in all aspects of personality and social interaction, exploring the influence of interpersonal and group relationships on human behavior."" Throughout this chapter, we will examine how the presence of other individuals and groups of people impacts a person's

Social Psychology witnessed the incident, as he was playing video games with his aunt. Why did each of these nights end so tragically for those involved? What dynamics contributed to the outcomes? How can these deaths be prevented? Social psychologists examine how the presence of others impacts how a person behaves and reacts, whether that person is an athlete playing a game, a police officer on the job, or a worshiper attending a religious service. Social psychologists believe that a person's behavior is influenced by who else is present in a given situation and the composition of social groups.

prejudice and discrimination, attraction and close relationships, and group processes and intergroup relationships. FIGURE 12.2 Social psychology deals with all kinds of interactions between people, spanning a wide range of how we connect: from moments of confrontation to moments of working together and helping others, as shown here. (credit: Sgt. Derec Pierson, U.S. Army) Social psychologists focus on how people conceptualize and interpret situations and how these interpretations influence their thoughts, feelings, and behaviors (Ross & Nisbett, 1991). Thus, social psychology studies individuals in a social context and how situational variables interact to influence behavior. In this chapter, we discuss the intrapersonal processes of self-presentation, cognitive dissonance and attitude

highly on that given dimension. Someone with a lower score on a given dimension could be described in opposite terms. Social Psychology Social psychology focuses on how we interact with and relate to others. Social psychologists conduct research on a wide variety of topics that include differences in how we explain our own behavior versus how we explain the behaviors of others, prejudice, and attraction, and how we resolve interpersonal conflicts. Social psychologists have also sought to determine how being among other people changes our own behavior and patterns of thinking. There are many interesting examples of social psychological research, and you will read about many of these in a later chapter of this textbook. Until then, you will be introduced to one of the most controversial

in keeping a tally of the ratio of costs and benefits of forming and maintain a relationship, with the goal to maximize benefits and minimize costs social loafing exertion of less effort by a person working in a group because individual performance cannot be evaluated separately from the group, thus causing performance decline on easy tasks social norm group’s expectations regarding what is appropriate and acceptable for the thoughts and behavior of its members social psychology field of psychology that examines how people impact or affect each other, with particular focus on the power of the situation social role socially defined pattern of behavior that is expected of a person in a given setting or group stanford prison experiment Stanford University conducted an experiment in a mock

we will examine how the presence of other individuals and groups of people impacts a person's behaviors, thoughts, and feelings. Essentially, people will change their behavior to align with the social situation at hand. If we are in a new situation or are unsure how to behave, we will take our cues from other individuals. The field of social psychology studies topics at both the intra- and interpersonal levels. Intrapersonal topics (those that pertain to the individual) include emotions and attitudes, the self, and social cognition (the ways in which we think about ourselves and others). Interpersonal topics (those that pertain to dyads and groups) include helping behavior (Figure 12.2), aggression, prejudice and discrimination, attraction and close relationships, and group processes and","Social psychology is the subfield of psychology that studies the power of the situation to influence individuals' thoughts, feelings, and behaviors. It examines how people affect one another, and it looks at the power of the situation. According to the American Psychological Association, social psychologists are interested in all aspects of personality and social interaction, exploring the influence of interpersonal and group relationships on human behavior.","{""sections"": [""12.review Summary"", ""12.2 Self-presentation"", ""12.1 What Is Social Psychology?"", ""12.0 Introduction"", ""1.3 Contemporary Psychology"", ""12.review Key Terms""], ""pages"": [23, 399, 400, 406, 438, 439]}"
10,"16.5 The Sociocultural Model and Therapy Utilization LEARNING OBJECTIVES By the end of this section, you will be able to: • Explain how the sociocultural model is used in therapy • Discuss barriers to mental health services among ethnic minorities The sociocultural perspective looks at you, your behaviors, and your symptoms in the context of your culture and background. For example, José is an 18-year-old Hispanic male from a traditional family. José comes to treatment because of depression. During the intake session, he reveals that he is gay and is nervous about telling his family. He also discloses that he is concerned because his religious background has taught him that being gay is wrong. How does his religious and cultural background affect him? How might his cultural background

the brain. This helps explain why relapse rates tend to be high, around 40%–60% (McLellan, Lewis, & O’Brien, & Kleber, 2000). The goal of treatment is to help an addict stop compulsive drug-seeking behaviors. Treatment usually includes behavioral therapy, which can take place individually or in a group setting. Treatment may also include medication. Sometimes a person has comorbid disorders, which usually means that they have a substance-related disorder diagnosis and another psychiatric diagnosis, such as depression, bipolar disorder, or schizophrenia. The best treatment would address both problems simultaneously. 16.5 The Sociocultural Model and Therapy Utilization The sociocultural perspective looks at you, your behaviors, and your symptoms in the context of your culture and

integrate information about their cultural patterns into a unique treatment approach based on their particular situation (Stewart, Simmons, & Habibpour, 2012). Sociocultural therapy can include individual, group, family, and couples treatment modalities. FIGURE 16.20 How do your cultural and religious beliefs affect your attitude toward mental health treatment? (credit “top-left”: modification of work by Staffan Scherz; credit “top-left-middle”: modification of work by Alejandra Quintero Sinisterra; credit “top-right-middle”: modification of work by Pedro Ribeiro Simões; credit “top-right”: modification of work by Agustin Ruiz; credit “bottom-left”: modification of work by Czech Provincial Reconstruction Team; credit “bottom-left-middle”: modification of work by Arian Zwegers; credit

FIGURE 16.1 Many forms of therapy have been developed to treat a wide array of problems. These marines who served in Iraq and Afghanistan, together with community mental health volunteers, are part of the Ocean Therapy program at Camp Pendleton, a program in which learning to surf is combined with group discussions. The program helps vets recover, especially vets who suffer from post-traumatic stress disorder (PTSD). INTRODUCTION CHAPTER OUTLINE 16.1 Mental Health Treatment: Past and Present 16.2 Types of Treatment 16.3 Treatment Modalities 16.4 Substance-Related and Addictive Disorders: A Special Case 16.5 The Sociocultural Model and Therapy Utilization What comes to mind when you think about therapy for mental health issues? You might picture someone lying on a couch talking about his

and therapy aims to offer both a helping role and process that uses modalities and defines goals consistent with the life experiences and cultural values of clients. It strives to recognize client identities to include individual, group, and universal dimensions, advocate the use of universal and culture- specific strategies and roles in the healing process, and balances the importance of individualism and collectivism in the assessment, diagnosis, and treatment of client and client systems (Sue, 2001). This therapeutic perspective integrates the impact of cultural and social norms, starting at the beginning of treatment. Therapists who use this perspective work with clients to obtain and integrate information about their cultural patterns into a unique treatment approach based on their

applied nature, I-O psychology also involves conducting scientific research on behavior within I-O settings (Riggio, 2013). Health Psychology Health psychology focuses on how health is affected by the interaction of biological, psychological, and sociocultural factors. This particular approach is known as the biopsychosocial model (Figure 1.15). Health psychologists are interested in helping individuals achieve better health through public policy, education, intervention, and research. Health psychologists might conduct research that explores the relationship between one’s genetic makeup, patterns of behavior, relationships, psychological stress, and health. They may research effective ways to motivate people to address patterns of behavior that contribute to poorer health (MacDonald,

Reconstruction Team; credit “bottom-left-middle”: modification of work by Arian Zwegers; credit “bottom-right-middle”: modification of work by “Wonderlane”/Flickr; credit “bottom-right”: modification of work by Shiraz Chanawala) LINK TO LEARNING Watch this short video about cultural competence and sociocultural treatments (http://openstax.org/l/ culturalcomp) to learn more. Barriers to Treatment Statistically, ethnic minorities tend to utilize mental health services less frequently than White, middle-class Americans (Alegría et al., 2008; Richman, Kohn-Wood, & Williams, 2007). Why is this so? Perhaps the reason has to do with access and availability of mental health services. Ethnic minorities and individuals of low socioeconomic status (SES) report that barriers to services include lack

a difficult temperament. They may have parents who provide a social environment in which they are encouraged to express themselves in an optimal manner. The child's brain would form neural connections enhanced by that environment, thus influencing the brain. The brain gives information to the body about how it will experience the environment. Thus, neural and cognitive networks work together to influence genes (i.e., attenuating temperament), body (i.e., may be less prone to high blood pressure), and social environment (i.e., may seek people who are similar to them). CONNECT THE CONCEPTS SOCIOCULTURAL THEORY OF DEVELOPMENT Lev Vygotsky was a Russian psychologist who proposed a sociocultural theory of development. He suggested that human development is rooted in one’s culture. A child’s","The sociocultural model in therapy looks at you, your behaviors, and your symptoms in the context of your culture and background. This perspective integrates information about your cultural patterns into a unique treatment approach based on your particular situation. It aims to offer both a helping role and process that uses modalities and defines goals consistent with your life experiences and cultural values. The model recognizes client identities, including individual, group, and universal dimensions, and balances the importance of individualism and collectivism in the assessment, diagnosis, and treatment of client and client systems.","{""sections"": [""16.5 The Sociocultural Model and Therapy Utilization"", ""16.review Summary"", ""16.0 Introduction"", ""1.3 Contemporary Psychology"", ""9.2 Lifespan Theories""], ""pages"": [24, 290, 599, 623, 624, 629]}"
11,"1.2 History of Psychology LEARNING OBJECTIVES By the end of this section, you will be able to: • Understand the importance of Wundt and James in the development of psychology • Appreciate Freud’s influence on psychology • Understand the basic tenets of Gestalt psychology • Appreciate the important role that behaviorism played in psychology’s history • Understand basic tenets of humanism • Understand how the cognitive revolution shifted psychology’s focus back to the mind Psychology is a relatively young science with its experimental roots in the 19th century, compared, for example, to human physiology, which dates much earlier. As mentioned, anyone interested in exploring issues related to the mind generally did so in a philosophical context prior to the 19th century. Two 19th century

FIGURE 1.1 Psychology is the scientific study of mind and behavior. (credit ""background"": modification of work by Nattachai Noogure; credit ""top left"": modification of work by Peter Shanks; credit ""top middle"": modification of work by ""devinf""/Flickr; credit ""top right"": modification of work by Alejandra Quintero Sinisterra; credit ""bottom left"": modification of work by Gabriel Rocha; credit ""bottom middle-left"": modification of work by Caleb Roenigk; credit ""bottom middle-right"": modification of work by Staffan Scherz; credit ""bottom right"": modification of work by Czech Provincial Reconstruction Team) INTRODUCTION CHAPTER OUTLINE 1.1 What Is Psychology? 1.2 History of Psychology 1.3 Contemporary Psychology 1.4 Careers in Psychology Clive Wearing is an accomplished musician who lost his

Psychology is defined as the scientific study of mind and behavior. Students of psychology develop critical thinking skills, become familiar with the scientific method, and recognize the complexity of behavior. 1.2 History of Psychology Before the time of Wundt and James, questions about the mind were considered by philosophers. However, both Wundt and James helped create psychology as a distinct scientific discipline. Wundt was a structuralist, which meant he believed that our cognitive experience was best understood by breaking that experience into its component parts. He thought this was best accomplished by introspection. William James was the first American psychologist, and he was a proponent of functionalism. This particular perspective focused on how mental activities served as

mind could be accessed through dream analysis, by examinations of the first words that came to people’s minds, and through seemingly innocent slips of the tongue. Psychoanalytic theory focuses on the role of a person’s unconscious, as well as early childhood experiences, and this particular perspective dominated clinical psychology for several decades (Thorne & Henley, 2005). FIGURE 1.4 (a) Sigmund Freud was a highly influential figure in the history of psychology. (b) One of his many books, A General Introduction to Psychoanalysis, shared his ideas about psychoanalytical therapy; it was published in 1922. Freud’s ideas were influential, and you will learn more about them when you study lifespan development, personality, and therapy. For instance, many therapists believe strongly in the

of public schools was unconstitutional (Ethnicity and Health in America Series: Featured Psychologists, n.d.). FIGURE 2.3 (a) Margaret Floy Washburn was the first woman to earn a doctorate degree in psychology. (b) The outcome of Brown v. Board of Education was influenced by the research of psychologist Inez Beverly Prosser, who was the first African American woman to earn a PhD in psychology. Although the establishment of psychology’s scientific roots occurred first in Europe and the United States, it did not take much time until researchers from around the world began to establish their own laboratories and research programs. For example, some of the first experimental psychology laboratories in South America were founded by Horatio Piñero (1869–1919) at two institutions in Buenos

more subtle meaning in that functionalists were more interested in the operation of the whole mind rather than of its individual parts, which were the focus of structuralism. Like Wundt, James believed that introspection could serve as one means by which someone might study mental activities, but James also relied on more objective measures, including the use of various recording devices, and examinations of concrete products of mental activities and of anatomy and physiology (Gordon, 1995). FIGURE 1.3 William James, shown here in a self-portrait, was the first American psychologist. Freud and Psychoanalytic Theory Perhaps one of the most influential and well-known figures in psychology’s history was Sigmund Freud (Figure 1.4). Freud (1856–1939) was an Austrian neurologist who was

to the mind generally did so in a philosophical context prior to the 19th century. Two 19th century scholars, Wilhelm Wundt and William James, are generally credited as being the founders of psychology as a science and academic discipline that was distinct from philosophy. This section will provide an overview of the shifts in paradigms that have influenced psychology from Wundt and James through today. Wundt and Structuralism Wilhelm Wundt (1832–1920) was a German scientist who was the first person to be referred to as a psychologist. His famous book entitled Principles of Physiological Psychology was published in 1873. Wundt viewed psychology as a scientific study of conscious experience, and he believed that the goal of psychology was to identify components of consciousness and how

influence and prominence of this particular perspective resonates in modern-day psychology (Miller, 2003). Feminist Psychology The science of psychology has had an impact on human wellbeing, both positive and negative. The dominant influence of Western, White, and male academics in the early history of psychology meant that psychology developed with the biases inherent in those individuals, which often had negative consequences for members of society who were not White or male. Women, members of ethnic minorities in both the United States and other countries, and individuals with sexual orientations other than straight had difficulties entering the field of psychology and therefore influencing its development. They also suffered from the attitudes of White male psychologists who were not","The history of psychology is a relatively young science with its experimental roots in the 19th century. Prior to the 19th century, questions about the mind were considered by philosophers. Two 19th century scholars, Wilhelm Wundt and William James, are generally credited as being the founders of psychology as a science and academic discipline that was distinct from philosophy. Wundt was a structuralist, who believed that our cognitive experience was best understood by breaking that experience into its component parts, and he thought this was best accomplished by introspection. James, on the other hand, was a functionalist, who focused on how mental activities served as a means to an end, and he believed that mental activities could be accessed through dream analysis, examinations of the first words that came to people's minds, and through seemingly innocent slips of the tongue.","{""sections"": [""1.2 History of Psychology"", ""1.0 Introduction"", ""1.review Summary"", ""2.1 Why Is Research Important?""], ""pages"": [7, 9, 10, 11, 16, 30, 38]}"
12,"to the mind generally did so in a philosophical context prior to the 19th century. Two 19th century scholars, Wilhelm Wundt and William James, are generally credited as being the founders of psychology as a science and academic discipline that was distinct from philosophy. This section will provide an overview of the shifts in paradigms that have influenced psychology from Wundt and James through today. Wundt and Structuralism Wilhelm Wundt (1832–1920) was a German scientist who was the first person to be referred to as a psychologist. His famous book entitled Principles of Physiological Psychology was published in 1873. Wundt viewed psychology as a scientific study of conscious experience, and he believed that the goal of psychology was to identify components of consciousness and how

more subtle meaning in that functionalists were more interested in the operation of the whole mind rather than of its individual parts, which were the focus of structuralism. Like Wundt, James believed that introspection could serve as one means by which someone might study mental activities, but James also relied on more objective measures, including the use of various recording devices, and examinations of concrete products of mental activities and of anatomy and physiology (Gordon, 1995). FIGURE 1.3 William James, shown here in a self-portrait, was the first American psychologist. Freud and Psychoanalytic Theory Perhaps one of the most influential and well-known figures in psychology’s history was Sigmund Freud (Figure 1.4). Freud (1856–1939) was an Austrian neurologist who was

a button, and an apparatus would record the time to reaction. Wundt could measure reaction time to one-thousandth of a second (Nicolas & Ferrand, 1999). FIGURE 1.2 (a) Wilhelm Wundt is credited as one of the founders of psychology. He created the first laboratory for psychological research. (b) This photo shows him seated and surrounded by fellow researchers and equipment in his laboratory in Germany. However, despite his efforts to train individuals in the process of introspection, this process remained highly subjective, and there was very little agreement between individuals. Functionalism William James, John Dewey, and Charles Sanders Peirce helped establish functional psychology (Figure 1.3). They accepted Darwin’s theory of evolution by natural selection and viewed this theory as an

Psychology is defined as the scientific study of mind and behavior. Students of psychology develop critical thinking skills, become familiar with the scientific method, and recognize the complexity of behavior. 1.2 History of Psychology Before the time of Wundt and James, questions about the mind were considered by philosophers. However, both Wundt and James helped create psychology as a distinct scientific discipline. Wundt was a structuralist, which meant he believed that our cognitive experience was best understood by breaking that experience into its component parts. He thought this was best accomplished by introspection. William James was the first American psychologist, and he was a proponent of functionalism. This particular perspective focused on how mental activities served as

its origins in the early 20th century. Several influential early psychologists studied issues that today would be categorized as industrial psychology: James Cattell (1860–1944), Hugo Münsterberg (1863–1916), Walter Dill Scott (1869–1955), Robert Yerkes (1876–1956), Walter Bingham (1880–1952), and Lillian Gilbreth (1878–1972). Cattell, Münsterberg, and Scott had been students of Wilhelm Wundt, the father of experimental psychology. Some of these researchers had been involved in work in the area of industrial psychology before World War I. Cattell’s contribution to industrial psychology is largely reflected in his founding of a psychological consulting company, which is still operating today called the Psychological Corporation, and in the accomplishments of students at Columbia in the

for lack of empirical support and has long been relegated to the status of pseudoscience (Fancher, 1979). FIGURE 11.3 The pseudoscience of measuring the areas of a person’s skull is known as phrenology. (a) Gall developed a chart that depicted which areas of the skull corresponded to particular personality traits or characteristics (Hothersall, 1995). (b) An 1825 lithograph depicts Gall examining the skull of a young woman. (credit b: modification of work by Wellcome Library, London) In the centuries after Galen, other researchers contributed to the development of his four primary temperament types, most prominently Immanuel Kant (in the 18th century) and psychologist Wilhelm Wundt (in the 19th century) (Eysenck, 2009; Stelmack & Stalikas, 1991; Wundt, 1874/1886) (Figure 11.4). Kant

was salivation in response to the presence of food. The salivation reflex could be elicited using a second stimulus, such as a specific sound, that was presented in association with the initial food stimulus several times. Once the response to the second stimulus was “learned,” the food stimulus could be omitted. Pavlov’s “classical conditioning” is only one form of learning behavior studied by behaviorists. John B. Watson (1878–1958) was an influential American psychologist whose most famous work occurred during the early 20th century at Johns Hopkins University (Figure 1.5). While Wundt and James were concerned with understanding conscious experience, Watson thought that the study of consciousness was flawed. Because he believed that objective analysis of the mind was impossible, Watson

1.2 History of Psychology LEARNING OBJECTIVES By the end of this section, you will be able to: • Understand the importance of Wundt and James in the development of psychology • Appreciate Freud’s influence on psychology • Understand the basic tenets of Gestalt psychology • Appreciate the important role that behaviorism played in psychology’s history • Understand basic tenets of humanism • Understand how the cognitive revolution shifted psychology’s focus back to the mind Psychology is a relatively young science with its experimental roots in the 19th century, compared, for example, to human physiology, which dates much earlier. As mentioned, anyone interested in exploring issues related to the mind generally did so in a philosophical context prior to the 19th century. Two 19th century","Wilhelm Wundt and William James were two 19th century scholars who are generally credited as being the founders of psychology as a science and academic discipline that was distinct from philosophy. Wilhelm Wundt was a German scientist who is considered the first person to be referred to as a psychologist, and he believed that the goal of psychology was to identify components of consciousness. William James, on the other hand, was the first American psychologist and a proponent of functionalism, which focused on how mental activities served as a whole rather than individual parts. Both Wundt and James contributed to the development of psychology as a distinct scientific discipline, with Wundt being a structuralist and James being a functionalist.","{""sections"": [""1.2 History of Psychology"", ""1.review Summary"", ""13.1 What Is Industrial and Organizational Psychology?"", ""11.1 What Is Personality?""], ""pages"": [9, 10, 12, 30, 360, 452]}"
13,"1.3). They accepted Darwin’s theory of evolution by natural selection and viewed this theory as an explanation of an organism’s characteristics. Key to that theory is the idea that natural selection leads to organisms that are adapted to their environment, including their behavior. Adaptation means that a trait of an organism has a function for the survival and reproduction of the individual, because it has been naturally selected. As James saw it, psychology’s purpose was to study the function of behavior in the world, and as such, his perspective was known as functionalism. Functionalism focused on how mental activities helped an organism fit into its environment. Functionalism has a second, more subtle meaning in that functionalists were more interested in the operation of the whole

social, vocational, and other aspects of the lives of psychologically healthy individuals developmental psychology scientific study of development across a lifespan dissertation long research paper about research that was conducted as a part of the candidate’s doctoral training empirical method method for acquiring knowledge based on observation, including experimentation, rather than a method based only on forms of logical argument or previous authorities forensic psychology area of psychology that applies the science and practice of psychology to issues within and related to the justice system functionalism focused on how mental activities helped an organism adapt to its environment humanism perspective within psychology that emphasizes the potential for good that is innate to all

Psychology is defined as the scientific study of mind and behavior. Students of psychology develop critical thinking skills, become familiar with the scientific method, and recognize the complexity of behavior. 1.2 History of Psychology Before the time of Wundt and James, questions about the mind were considered by philosophers. However, both Wundt and James helped create psychology as a distinct scientific discipline. Wundt was a structuralist, which meant he believed that our cognitive experience was best understood by breaking that experience into its component parts. He thought this was best accomplished by introspection. William James was the first American psychologist, and he was a proponent of functionalism. This particular perspective focused on how mental activities served as

a button, and an apparatus would record the time to reaction. Wundt could measure reaction time to one-thousandth of a second (Nicolas & Ferrand, 1999). FIGURE 1.2 (a) Wilhelm Wundt is credited as one of the founders of psychology. He created the first laboratory for psychological research. (b) This photo shows him seated and surrounded by fellow researchers and equipment in his laboratory in Germany. However, despite his efforts to train individuals in the process of introspection, this process remained highly subjective, and there was very little agreement between individuals. Functionalism William James, John Dewey, and Charles Sanders Peirce helped establish functional psychology (Figure 1.3). They accepted Darwin’s theory of evolution by natural selection and viewed this theory as an

proponent of functionalism. This particular perspective focused on how mental activities served as adaptive responses to an organism’s environment. Like Wundt, James also relied on introspection; however, his research approach also incorporated more objective measures as well. Sigmund Freud believed that understanding the unconscious mind was absolutely critical to understand conscious behavior. This was especially true for individuals that he saw who suffered from various hysterias and neuroses. Freud relied on dream analysis, slips of the tongue, and free association as means to access the unconscious. Psychoanalytic theory remained a dominant force in clinical psychology for several decades. Gestalt psychology was very influential in Europe. Gestalt psychology takes a holistic view of

Perceptual phenomena are best understood as a combination of their components. a. William James b. Max Wertheimer c. Carl Rogers d. Noam Chomsky 5. ________ is most well-known for proposing his hierarchy of needs. a. Noam Chomsky b. Carl Rogers c. Abraham Maslow d. Sigmund Freud 6. Rogers believed that providing genuineness, empathy, and ________ in the therapeutic environment for his clients was critical to their being able to deal with their problems. a. structuralism b. functionalism c. Gestalt d. unconditional positive regard 7. The operant conditioning chamber (aka ________ box) is a device used to study the principles of operant conditioning. a. Skinner b. Watson c. James d. Koffka 8. A researcher interested in how changes in the cells of the hippocampus (a structure in the brain

more subtle meaning in that functionalists were more interested in the operation of the whole mind rather than of its individual parts, which were the focus of structuralism. Like Wundt, James believed that introspection could serve as one means by which someone might study mental activities, but James also relied on more objective measures, including the use of various recording devices, and examinations of concrete products of mental activities and of anatomy and physiology (Gordon, 1995). FIGURE 1.3 William James, shown here in a self-portrait, was the first American psychologist. Freud and Psychoanalytic Theory Perhaps one of the most influential and well-known figures in psychology’s history was Sigmund Freud (Figure 1.4). Freud (1856–1939) was an Austrian neurologist who was

a person in a room that has four doorways. One doorway that has always been open in the past is now locked. The person, accustomed to exiting the room by that particular doorway, keeps trying to get out through the same doorway even though the other three doorways are open. The person is stuck—but they just need to go to another doorway, instead of trying to get out through the locked doorway. A mental set is where you persist in approaching a problem in a way that has worked in the past but is clearly not working now. Functional fixedness is a type of mental set where you cannot perceive an object being used for something other than what it was designed for. Duncker (1945) conducted foundational research on functional fixedness. He created an experiment in which participants were given a","Functionalism in psychology is a perspective that focuses on how mental activities help an organism adapt to its environment. According to James, psychology's purpose is to study the function of behavior in the world. Functionalists were more interested in the operation of the whole mind rather than its individual parts, which were the focus of structuralism.","{""sections"": [""1.2 History of Psychology"", ""1.review Summary"", ""1.review Review Questions"", ""7.3 Problem Solving""], ""pages"": [10, 30, 31, 32, 225]}"
14,"other, more socially acceptable partners (who often resemble the other-sex parent). People in this stage have mature sexual interests, which for Freud meant a strong desire for the opposite sex. Individuals who successfully completed the previous stages, reaching the genital stage with no fixations, are said to be well-balanced, healthy adults. While most of Freud’s ideas have not found support in modern research, and several contemporary researchers rejected his premises, we cannot discount the contributions that Freud has made to the field of psychology. It was Freud who pointed out that a large part of our mental life is influenced by the experiences of early childhood and takes place outside of our conscious awareness; his theories paved the way for others. While Freud's focus on

in modern research, we cannot discount the contributions that Freud has made to the field of psychology. Psychologists today dispute Freud's psychosexual stages as a legitimate explanation for how one's personality develops, but what we can take away from Freud’s theory is that personality is shaped, in some part, by experiences we have in childhood. These stages are discussed in detail in the chapter on personality. Psychosocial Theory of Development Erik Erikson (1902–1994) (Figure 9.4), another stage theorist, took Freud’s theory and modified it as psychosocial theory. Erikson’s psychosocial development theory emphasizes the social nature of our development rather than its sexual nature. While Freud believed that personality is shaped only in childhood, Erikson proposed that

falsifiable; for example, it is impossible to imagine empirical observations that would disprove the existence of the id, the ego, and the superego—the three elements of personality described in Freud’s theories. Despite this, Freud’s theories are widely taught in introductory psychology texts because of their historical significance for personality psychology and psychotherapy, and these remain the root of all modern forms of therapy. FIGURE 2.6 Many of the specifics of (a) Freud's theories, such as (b) his division of the mind into id, ego, and superego, have fallen out of favor in recent decades because they are not falsifiable. In broader strokes, his views set the stage for much of psychological thinking today, such as the unconscious nature of the majority of psychological

mind could be accessed through dream analysis, by examinations of the first words that came to people’s minds, and through seemingly innocent slips of the tongue. Psychoanalytic theory focuses on the role of a person’s unconscious, as well as early childhood experiences, and this particular perspective dominated clinical psychology for several decades (Thorne & Henley, 2005). FIGURE 1.4 (a) Sigmund Freud was a highly influential figure in the history of psychology. (b) One of his many books, A General Introduction to Psychoanalysis, shared his ideas about psychoanalytical therapy; it was published in 1922. Freud’s ideas were influential, and you will learn more about them when you study lifespan development, personality, and therapy. For instance, many therapists believe strongly in the

can help us understand some of the controversy over his theories today. However, Freud was the first to systematically study and theorize the workings of the unconscious mind in the manner that we associate with modern psychology. In the early years of his career, Freud worked with Josef Breuer, a Viennese physician. During this time, Freud became intrigued by the story of one of Breuer’s patients, Bertha Pappenheim, who was referred to by the pseudonym Anna O. (Launer, 2005). Anna O. had been caring for her dying father when she began to experience symptoms such as partial paralysis, headaches, blurred vision, amnesia, and hallucinations (Launer, 2005). In Freud’s day, these symptoms were commonly referred to as hysteria. Anna O. turned to Breuer for help. He spent 2 years (1880–1882)

individuals (e.g., Freud and Maslow) that we have already discussed in our historical overview of psychology, and the American psychologist Gordon Allport, contributed to early theories of personality. These early theorists attempted to explain how an individual’s personality develops from their given perspective. For example, Freud proposed that personality arose as conflicts between the conscious and unconscious parts of the mind were carried out over the lifespan. Specifically, Freud theorized that an individual went through various psychosexual stages of development. According to Freud, adult personality would result from the resolution of various conflicts that centered on the migration of erogenous (or sexual pleasure-producing) zones from the oral (mouth) to the anus to the phallus

that personality develops during early childhood. For Freud, childhood experiences shape our personalities and behavior as adults. Freud viewed development as discontinuous; he believed that each of us must pass through a series of stages during childhood, and that if we lack proper nurturance and parenting during a stage, we may become stuck, or fixated, in that stage. Freud’s stages are called the stages of psychosexual development. According to Freud, children’s pleasure-seeking urges are focused on a different area of the body, called an erogenous zone, at each of the five stages of development: oral, anal, phallic, latency, and genital. While most of Freud’s ideas have not found support in modern research, we cannot discount the contributions that Freud has made to the field of

development, personality, and therapy. For instance, many therapists believe strongly in the unconscious and the impact of early childhood experiences on the rest of a person’s life. The method of psychoanalysis, which involves the patient talking about their experiences and selves, while not invented by Freud, was certainly popularized by him and is still used today. Many of Freud’s other ideas, however, are controversial. Drew Westen (1998) argues that many of the criticisms of Freud’s ideas are misplaced, in that they attack his older ideas without taking into account later writings. Westen also argues that critics fail to consider the success of the broad ideas that Freud introduced or developed, such as the importance of childhood experiences in adult motivations, the role of","Freud's contributions to psychology include his theories on the unconscious mind, the role of early childhood experiences in shaping adult personality and behavior, and the concept of psychosexual development. He also introduced the idea of the id, ego, and superego, which are the three elements of personality described in his theories. Additionally, Freud developed the method of psychoanalysis, which involves the patient talking about their experiences and selves, and his ideas on the importance of childhood experiences in adult motivations and the role of the unconscious in psychological functioning.

Freud's theories have had a lasting impact on the field of psychology, despite being widely disputed by modern researchers. His work laid the groundwork for many subsequent theories and therapies, and his ideas continue to be studied and debated by scholars today.","{""sections"": [""11.2 Freud and the Psychodynamic Perspective"", ""9.2 Lifespan Theories"", ""2.1 Why Is Research Important?"", ""1.2 History of Psychology"", ""1.3 Contemporary Psychology""], ""pages"": [11, 22, 41, 284, 362, 368]}"
15,"position and gravity. Our proprioceptive and kinesthetic systems provide information about body position and body movement through receptors that detect stretch and tension in the muscles, joints, tendons, and skin of the body. 5.6 Gestalt Principles of Perception Gestalt theorists have been incredibly influential in the areas of sensation and perception. Gestalt principles such as figure-ground relationship, grouping by proximity or similarity, the law of good continuation, and closure are all used to help explain how we organize sensory information. Our perceptions are not infallible, and they can be influenced by bias, prejudice, and other factors. Review Questions 1. ________ refers to the minimum amount of stimulus energy required to be detected 50% of the time. a. absolute threshold

of continuity suggests that we are more likely to perceive continuous, smooth flowing lines rather than jagged, broken lines (Figure 5.28). The principle of closure states that we organize our perceptions into complete objects rather than as a series of parts (Figure 5.29). FIGURE 5.28 Good continuation would suggest that we are more likely to perceive this as two overlapping lines, rather than four lines meeting in the center. FIGURE 5.29 Closure suggests that we will perceive a complete circle and rectangle rather than a series of segments. LINK TO LEARNING Watch this video showing real world examples of Gestalt principles (http://openstax.org/l/gestalt) to learn more. According to Gestalt theorists, pattern perception, or our ability to discriminate among different figures and shapes,

5.6 Gestalt Principles of Perception LEARNING OBJECTIVES By the end of this section, you will be able to: • Explain the figure-ground relationship • Define Gestalt principles of grouping • Describe how perceptual set is influenced by an individual’s characteristics and mental state In the early part of the 20th century, Max Wertheimer published a paper demonstrating that individuals perceived motion in rapidly flickering static images—an insight that came to him as he used a child’s toy tachistoscope. Wertheimer, and his assistants Wolfgang Köhler and Kurt Koffka, who later became his partners, believed that perception involved more than simply combining sensory stimuli. This belief led to a new movement within the field of psychology known as Gestalt psychology. The word gestalt literally

What doth es e wor dsmea n? We might also use the principle of similarity to group things in our visual fields. According to this principle, things that are alike tend to be grouped together (Figure 5.27). For example, when watching a football game, we tend to group individuals based on the colors of their uniforms. When watching an offensive drive, we can get a sense of the two teams simply by grouping along this dimension. FIGURE 5.27 When looking at this array of dots, we likely perceive alternating rows of colors. We are grouping these dots according to the principle of similarity. Two additional Gestalt principles are the law of continuity (or good continuation) and closure. The law of continuity suggests that we are more likely to perceive continuous, smooth flowing lines rather

new movement within the field of psychology known as Gestalt psychology. The word gestalt literally means form or pattern, but its use reflects the idea that the whole is different from the sum of its parts. In other words, the brain creates a perception that is more than simply the sum of available sensory inputs, and it does so in predictable ways. Gestalt psychologists translated these predictable ways into principles by which we organize sensory information. As a result, Gestalt psychology has been extremely influential in the area of sensation and perception (Rock & Palmer, 1990). One Gestalt principle is the figure-ground relationship. According to this principle, we tend to segment our visual world into figure and ground. Figure is the object or person that is the focus of the

sensory stimuli into meaningful perception is proximity. This principle asserts that things that are close to one another tend to be grouped together, as Figure 5.26 illustrates. FIGURE 5.26 The Gestalt principle of proximity suggests that you see (a) one block of dots on the left side and (b) three columns on the right side. How we read something provides another illustration of the proximity concept. For example, we read this sentence like this, notl iket hiso rt hat. We group the letters of a given word together because there are no spaces between the letters, and we perceive words because there are spaces between each word. Here are some more examples: Cany oum akes enseo ft hiss entence? What doth es e wor dsmea n? We might also use the principle of similarity to group things in our

along with the rise of behaviorism (described next) in the United States prevented principles of Gestalt psychology from being as influential in the United States as they had been in their native Germany (Thorne & Henley, 2005). Despite these issues, several Gestalt principles are still very influential today. Considering the human individual as a whole rather than as a sum of individually measured parts became an important foundation in humanistic theory late in the century. The ideas of Gestalt have continued to influence research on sensation and perception. Structuralism, Freud, and the Gestalt psychologists were all concerned in one way or another with describing and understanding inner experience. But other researchers had concerns that inner experience could be a legitimate subject

Gestalt psychology was very influential in Europe. Gestalt psychology takes a holistic view of an individual and his experiences. As the Nazis came to power in Germany, Wertheimer, Koffka, and Köhler immigrated to the United States. Although they left their laboratories and their research behind, they did introduce America to Gestalt ideas. Some of the principles of Gestalt psychology are still very influential in the study of sensation and perception. One of the most influential schools of thought within psychology’s history was behaviorism. Behaviorism focused on making psychology an objective science by studying overt behavior and deemphasizing the importance of unobservable mental processes. John Watson is often considered the father of behaviorism, and B. F. Skinner’s contributions","Gestalt principles are a set of principles used to explain how we organize sensory information. They include: 
- Figure-ground relationship 
- Proximity 
- Similarity 
- Law of good continuation 
- Closure. These principles help explain how we perceive and organize sensory information, and are used to describe how our brains create a perception that is more than simply the sum of available sensory inputs.","{""sections"": [""5.review Review Questions"", ""5.6 Gestalt Principles of Perception"", ""1.2 History of Psychology"", ""1.review Summary""], ""pages"": [12, 31, 168, 169, 170, 175]}"
16,"Learning Many theories suggest that phobias develop through learning. Rachman (1977) proposed that phobias can be acquired through three major learning pathways. The first pathway is through classical conditioning. As you may recall, classical conditioning is a form of learning in which a previously neutral stimulus is paired with an unconditioned stimulus (UCS) that reflexively elicits an unconditioned response (UCR), eliciting the same response through its association with the unconditioned stimulus. The response is called a conditioned response (CR). For example, a child who has been bitten by a dog may come to fear dogs because of a past association with pain. In this case, the dog bite is the UCS and the fear it elicits is the UCR. Because a dog was associated with the bite, any dog

6.2 Classical Conditioning LEARNING OBJECTIVES By the end of this section, you will be able to: • Explain how classical conditioning occurs • Summarize the processes of acquisition, extinction, spontaneous recovery, generalization, and discrimination Does the name Ivan Pavlov ring a bell? Even if you are new to the study of psychology, chances are that you have heard of Pavlov and his famous dogs. Pavlov (1849–1936), a Russian scientist, performed extensive research on dogs and is best known for his experiments in classical conditioning (Figure 6.3). As we discussed briefly in the previous section, classical conditioning is a process by which we learn to associate stimuli and, consequently, to anticipate events. FIGURE 6.3 Ivan Pavlov’s research on the digestive system of dogs unexpectedly

a humorous look at conditioning (http://openstax.org/l/theoffice) in which Jim conditions Dwight to expect a breath mint every time Jim’s computer makes a specific sound. General Processes in Classical Conditioning Now that you know how classical conditioning works and have seen several examples, let’s take a look at some of the general processes involved. In classical conditioning, the initial period of learning is known as acquisition, when an organism learns to connect a neutral stimulus and an unconditioned stimulus. During acquisition, the neutral stimulus begins to elicit the conditioned response, and eventually the neutral stimulus becomes a conditioned stimulus capable of eliciting the conditioned response by itself. Timing is important for conditioning to occur. Typically, there

Key Terms acquisition period of initial learning in classical conditioning in which a human or an animal begins to connect a neutral stimulus and an unconditioned stimulus so that the neutral stimulus will begin to elicit the conditioned response associative learning form of learning that involves connecting certain stimuli or events that occur together in the environment (classical and operant conditioning) classical conditioning learning in which the stimulus or experience occurs before the behavior and then gets paired or associated with the behavior cognitive map mental picture of the layout of the environment conditioned response (CR) response caused by the conditioned stimulus conditioned stimulus (CS) stimulus that elicits a response due to its being paired with an unconditioned

6.3 Operant Conditioning LEARNING OBJECTIVES By the end of this section, you will be able to: • Define operant conditioning • Explain the difference between reinforcement and punishment • Distinguish between reinforcement schedules The previous section of this chapter focused on the type of associative learning known as classical conditioning. Remember that in classical conditioning, something in the environment triggers a reflex automatically, and researchers train the organism to react to a different stimulus. Now we turn to the second type of associative learning, operant conditioning. In operant conditioning, organisms learn to associate a behavior and its consequence (Table 6.1). A pleasant consequence makes that behavior more likely to be repeated in the future. For example, Spirit,

behaviors—they occur naturally and do not involve learning. In contrast, learning is a change in behavior or knowledge that results from experience. There are three main types of learning: classical conditioning, operant conditioning, and observational learning. Both classical and operant conditioning are forms of associative learning where associations are made between events that occur together. Observational learning is just as it sounds: learning by observing others. 6.2 Classical Conditioning Pavlov’s pioneering work with dogs contributed greatly to what we know about learning. His experiments explored the type of associative learning we now call classical conditioning. In classical conditioning, organisms learn to associate events that repeatedly happen together, and researchers

together in the environment. You will see that associative learning is central to all three basic learning processes discussed in this chapter; classical conditioning tends to involve unconscious processes, operant conditioning tends to involve conscious processes, and observational learning adds social and cognitive layers to all the basic associative processes, both conscious and unconscious. These learning processes will be discussed in detail later in the chapter, but it is helpful to have a brief overview of each as you begin to explore how learning is understood from a psychological perspective. In classical conditioning, also known as Pavlovian conditioning, organisms learn to associate events—or stimuli—that repeatedly happen together. We experience this process throughout our

learner is more likely to exhibit the desired behavior in the future. Stimulus timing The stimulus occurs immediately before the response. The stimulus (either reinforcement or punishment) occurs soon after the response. TABLE 6.1 Psychologist B. F. Skinner saw that classical conditioning is limited to existing behaviors that are reflexively elicited, and it doesn’t account for new behaviors such as riding a bike. He proposed a theory about how such behaviors come about. Skinner believed that behavior is motivated by the consequences we receive for the behavior: the reinforcements and punishments. His idea that learning is the result of consequences is based on the law of effect, which was first proposed by psychologist Edward Thorndike. According to the law of effect, behaviors that are","Classical conditioning is a form of associative learning in which a previously neutral stimulus is paired with an unconditioned stimulus (UCS) that reflexively elicits an unconditioned response (UCR), eliciting the same response through its association with the unconditioned stimulus. This process allows the neutral stimulus to eventually elicit a conditioned response (CR) by itself.

It is also known as Pavlovian conditioning, named after Ivan Pavlov, a Russian scientist who performed extensive research on dogs and is best known for his experiments in classical conditioning.","{""sections"": [""15.4 Anxiety Disorders"", ""6.2 Classical Conditioning"", ""6.review Key Terms"", ""6.3 Operant Conditioning"", ""6.review Review Questions"", ""6.1 What Is Learning?""], ""pages"": [182, 183, 187, 192, 193, 207, 208, 549]}"
17,"modification is commonly used in classroom settings. Behaviorism has also led to research on environmental influences on human behavior. B. F. Skinner (1904–1990) was an American psychologist (Figure 1.6). Like Watson, Skinner was a behaviorist, and he concentrated on how behavior was affected by its consequences. Therefore, Skinner spoke of reinforcement and punishment as major factors in driving behavior. As a part of his research, Skinner developed a chamber that allowed the careful study of the principles of modifying behavior through reinforcement and punishment. This device, known as an operant conditioning chamber (or more familiarly, a Skinner box), has remained a crucial resource for researchers studying behavior (Thorne & Henley, 2005). FIGURE 1.6 (a) B. F. Skinner is famous for

John Watson is often considered the father of behaviorism, and B. F. Skinner’s contributions to our understanding of principles of operant conditioning cannot be underestimated. As behaviorism and psychoanalytic theory took hold of so many aspects of psychology, some began to become dissatisfied with psychology’s picture of human nature. Thus, a humanistic movement within psychology began to take hold. Humanism focuses on the potential of all people for good. Both Maslow and Rogers were influential in shaping humanistic psychology. During the 1950s, the landscape of psychology began to change. A science of behavior began to shift back to its roots of focus on mental processes. The emergence of neuroscience and computer science aided this transition. Ultimately, the cognitive revolution

Gestalt psychology was very influential in Europe. Gestalt psychology takes a holistic view of an individual and his experiences. As the Nazis came to power in Germany, Wertheimer, Koffka, and Köhler immigrated to the United States. Although they left their laboratories and their research behind, they did introduce America to Gestalt ideas. Some of the principles of Gestalt psychology are still very influential in the study of sensation and perception. One of the most influential schools of thought within psychology’s history was behaviorism. Behaviorism focused on making psychology an objective science by studying overt behavior and deemphasizing the importance of unobservable mental processes. John Watson is often considered the father of behaviorism, and B. F. Skinner’s contributions

researchers studying behavior (Thorne & Henley, 2005). FIGURE 1.6 (a) B. F. Skinner is famous for his research on operant conditioning. (b) Modified versions of the operant conditioning chamber, or Skinner box, are still widely used in research settings today. (credit a: modification of work by ""Silly rabbit""/Wikimedia Commons) The Skinner box is a chamber that isolates the subject from the external environment and has a behavior indicator such as a lever or a button. When the animal pushes the button or lever, the box is able to deliver a positive reinforcement of the behavior (such as food) or a punishment (such as a noise). Skinner’s focus on positive and negative reinforcement of learned behaviors had a lasting influence in psychology that has waned somewhat since the growth of

believe in biological determinism: They do not see personality traits as inborn. Instead, they view personality as significantly shaped by the reinforcements and consequences outside of the organism. In other words, people behave in a consistent manner based on prior learning. B. F. Skinner, a strict behaviorist, believed that environment was solely responsible for all behavior, including the enduring, consistent behavior patterns studied by personality theorists. As you may recall from your study on the psychology of learning, Skinner proposed that we demonstrate consistent behavior patterns because we have developed certain response tendencies (Skinner, 1953). In other words, we learn to behave in particular ways. We increase the behaviors that lead to positive consequences, and we

that does not initially elicit a response observational learning type of learning that occurs by watching others operant conditioning form of learning in which the stimulus/experience happens after the behavior is demonstrated partial reinforcement rewarding behavior only some of the time positive punishment adding an undesirable stimulus to stop or decrease a behavior positive reinforcement adding a desirable stimulus to increase a behavior primary reinforcer has innate reinforcing qualities (e.g., food, water, shelter, sex) punishment implementation of a consequence in order to decrease a behavior radical behaviorism staunch form of behaviorism developed by B. F. Skinner that suggested that even complex higher mental functions like human language are nothing more than stimulus-outcome

learner is more likely to exhibit the desired behavior in the future. Stimulus timing The stimulus occurs immediately before the response. The stimulus (either reinforcement or punishment) occurs soon after the response. TABLE 6.1 Psychologist B. F. Skinner saw that classical conditioning is limited to existing behaviors that are reflexively elicited, and it doesn’t account for new behaviors such as riding a bike. He proposed a theory about how such behaviors come about. Skinner believed that behavior is motivated by the consequences we receive for the behavior: the reinforcements and punishments. His idea that learning is the result of consequences is based on the law of effect, which was first proposed by psychologist Edward Thorndike. According to the law of effect, behaviors that are

conditioning, organisms learn to associate events that repeatedly happen together, and researchers study how a reflexive response to a stimulus can be mapped to a different stimulus—by training an association between the two stimuli. Pavlov’s experiments show how stimulus-response bonds are formed. Watson, the founder of behaviorism, was greatly influenced by Pavlov’s work. He tested humans by conditioning fear in an infant known as Little Albert. His findings suggest that classical conditioning can explain how some fears develop. 6.3 Operant Conditioning Operant conditioning is based on the work of B. F. Skinner. Operant conditioning is a form of learning in which the motivation for a behavior happens after the behavior is demonstrated. An animal or a human receives a consequence after","Skinner's contributions to behaviorism include the development of operant conditioning theory, which focuses on the role of reinforcement and punishment in shaping behavior. Skinner's work on operant conditioning led to the creation of the operant conditioning chamber, also known as the Skinner box, which is a crucial tool for researchers studying behavior. Skinner's theory of operant conditioning emphasizes the importance of consequences in driving behavior, and his ideas have had a lasting impact on the field of psychology. Specifically, Skinner's contributions include the development of positive and negative reinforcement, punishment, and the law of effect, which all play a role in shaping behavior.","{""sections"": [""1.2 History of Psychology"", ""1.review Summary"", ""11.4 Learning Approaches"", ""6.review Key Terms"", ""6.3 Operant Conditioning"", ""6.review Review Questions""], ""pages"": [13, 31, 193, 207, 208, 374]}"
18,"to make one’s body look more like a different sex or gender Yerkes-Dodson law simple tasks are performed best when arousal levels are relatively high, while complex tasks are best performed when arousal is lower Summary 10.1 Motivation Motivation to engage in a given behavior can come from internal and/or external factors. Multiple theories have been put forward regarding motivation. More biologically oriented theories deal with the ways that instincts and the need to maintain bodily homeostasis motivate behavior. Bandura postulated that our sense of self-efficacy motivates behaviors, and there are a number of theories that focus on a variety of social motives. Abraham Maslow’s hierarchy of needs is a model that shows the relationship among multiple motives that range from lower-level

and fail to recognize the innate capacity for self-directed change and transforming personal experiences. This perspective focuses on how healthy people develop. One pioneering humanist, Abraham Maslow, studied people who he considered to be healthy, creative, and productive, including Albert Einstein, Eleanor Roosevelt, Thomas Jefferson, Abraham Lincoln, and others. Maslow (1950, 1970) found that such people share similar characteristics, such as being open, creative, loving, spontaneous, compassionate, concerned for others, and accepting of themselves. When you studied motivation, you learned about one of the best-known humanistic theories, Maslow's hierarchy of needs theory, in which Maslow proposes that human beings have certain needs in common and that these needs must be met in a

at its core, because it sees human behavior as entirely determined by a combination of genetics and environment. Some psychologists began to form their own ideas that emphasized personal control, intentionality, and a true predisposition for “good” as important for our self-concept and our behavior. Thus, humanism emerged. Humanism is a perspective within psychology that emphasizes the potential for good that is innate to all humans. Two of the most well-known proponents of humanistic psychology are Abraham Maslow and Carl Rogers (O’Hara, n.d.). Abraham Maslow (1908–1970) was an American psychologist who is best known for proposing a hierarchy of human needs in motivating behavior (Figure 1.7). Although this concept will be discussed in more detail in a later chapter, a brief overview

encourages positive interactions with others, and the need for intimacy causes us to seek deep, meaningful relationships. Henry Murray et al. (1938) categorized these needs into domains. For example, the need for achievement and recognition falls under the domain of ambition. Dominance and aggression were recognized as needs under the domain of human power, and play was a recognized need in the domain of interpersonal affection. Maslow’s Hierarchy of Needs While the theories of motivation described earlier relate to basic biological drives, individual characteristics, or social contexts, Abraham Maslow (1943) proposed a hierarchy of needs that spans the spectrum of motives ranging from the biological to the individual to the social. These needs are often depicted as a pyramid (Figure

the biological to the individual to the social. These needs are often depicted as a pyramid (Figure 10.8). FIGURE 10.8 Maslow’s hierarchy of needs is illustrated here. In some versions of the pyramid, cognitive and aesthetic needs are also included between esteem and self-actualization. Others include another tier at the top of the pyramid for self-transcendence. At the base of the pyramid are all of the physiological needs that are necessary for survival. These are followed by basic needs for security and safety, the need to be loved and to have a sense of belonging, and the need to have self-worth and confidence. The top tier of the pyramid is self-actualization, which is a need that essentially equates to achieving one’s full potential, and it can only be realized when needs lower on

1.7). Although this concept will be discussed in more detail in a later chapter, a brief overview will be provided here. Maslow asserted that so long as basic needs necessary for survival were met (e.g., food, water, shelter), higher-level needs (e.g., social needs) would begin to motivate behavior. According to Maslow, the highest-level needs relate to self-actualization, a process by which we achieve our full potential. Obviously, the focus on the positive aspects of human nature that are characteristic of the humanistic perspective is evident (Thorne & Henley, 2005). Humanistic psychologists rejected, on principle, the research approach based on reductionist experimentation in the tradition of the physical and biological sciences, because it missed the “whole” human being. Beginning

10.1 Motivation LEARNING OBJECTIVES By the end of this section, you will be able to: • Define intrinsic and extrinsic motivation • Understand that instincts, drive reduction, self-efficacy, and social motives have all been proposed as theories of motivation • Explain the basic concepts associated with Maslow’s hierarchy of needs Why do we do the things we do? What motivations underlie our behaviors? Motivation describes the wants or needs that direct behavior toward a goal. In addition to biological motives, motivations can be intrinsic (arising from internal factors) or extrinsic (arising from external factors) (Figure 10.2). Intrinsically motivated behaviors are performed because of the sense of personal satisfaction that they bring, while extrinsically motivated behaviors are performed

an attempt to improve the conditions of others. Mohandas K. Gandhi, a world-renowned advocate for independence through nonviolent protest, on several occasions went on hunger strikes to protest a particular situation. People may starve themselves or otherwise put themselves in danger displaying higher-level motives beyond their own needs. LINK TO LEARNING Check out this interactive exercise about Maslow's hierarchy of needs (http://openstax.org/l/hierneeds) to learn more.","Maslow's hierarchy of needs is a model that shows the relationship among multiple motives that range from lower-level physiological needs to higher-level needs such as self-actualization. The model proposes that human beings have certain needs in common and that these needs must be met in a hierarchical order, with lower-level needs being met before higher-level needs. The hierarchy is often depicted as a pyramid, with the physiological needs at the base and self-actualization at the top.","{""sections"": [""10.review Summary"", ""11.5 Humanistic Approaches"", ""1.2 History of Psychology"", ""10.1 Motivation""], ""pages"": [14, 322, 326, 327, 354, 377]}"
19,"conditioning technique. Cognitive therapy is a technique that focuses on how thoughts lead to feelings of distress. The idea behind cognitive therapy is that how you think determines how you feel and act. Cognitive therapists help clients change dysfunctional thoughts in order to relieve distress. Cognitive-behavioral therapy explores how our thoughts affect our behavior. Cognitive-behavioral therapy aims to change cognitive distortions and self- defeating behaviors. Humanistic therapy focuses on helping people achieve their potential. One form of humanistic therapy developed by Carl Rogers is known as client-centered or Rogerian therapy. Client-centered therapists use the techniques of active listening, unconditional positive regard, genuineness, and empathy to help clients become more

rational emotive therapy (RET) form of cognitive-behavioral therapy relapse repeated drug use and/or alcohol use after a period of improvement from substance abuse Rogerian (client-centered therapy) non-directive form of humanistic psychotherapy developed by Carl Rogers that emphasizes unconditional positive regard and self-acceptance strategic family therapy therapist guides the therapy sessions and develops treatment plans for each family member for specific problems that can addressed in a short amount of time structural family therapy therapist examines and discusses with the family the boundaries and structure of the family: who makes the rules, who sleeps in the bed with whom, how decisions are made, and what are the boundaries within the family systematic desensitization form of

accepting of themselves. In contrast to psychoanalysis, humanistic therapists focus on conscious rather than unconscious thoughts. They also emphasize the patient’s present and future, as opposed to exploring the patient’s past. Psychologist Carl Rogers developed a therapeutic orientation known as Rogerian, or client-centered therapy. Note the change from patients to clients. Rogers (1951) felt that the term patient suggested the person seeking help was sick and looking for a cure. Since this is a form of nondirective therapy, a therapeutic approach in which the therapist does not give advice or provide interpretations but helps the person to identify conflicts and understand feelings, Rogers (1951) emphasized the importance of the person taking control of his own life to overcome life’s

client-centered therapy in helping his clients deal with problematic issues that resulted in their seeking psychotherapy. Unlike a psychoanalytic approach in which the therapist plays an important role in interpreting what conscious behavior reveals about the unconscious mind, client-centered therapy involves the patient taking a lead role in the therapy session. Rogers believed that a therapist needed to display three features to maximize the effectiveness of this particular approach: unconditional positive regard, genuineness, and empathy. Unconditional positive regard refers to the fact that the therapist accepts their client for who they are, no matter what they might say. Provided these factors, Rogers believed that people were more than capable of dealing with and working through

of the physical and biological sciences, because it missed the “whole” human being. Beginning with Maslow and Rogers, there was an insistence on a humanistic research program. This program has been largely qualitative (not measurement-based), but there exist a number of quantitative research strains within humanistic psychology, including research on happiness, self-concept, meditation, and the outcomes of humanistic psychotherapy (Friedman, 2008). FIGURE 1.7 Maslow’s hierarchy of needs is shown. Carl Rogers (1902–1987) was also an American psychologist who, like Maslow, emphasized the potential for good that exists within all people (Figure 1.8). Rogers used a therapeutic technique known as client-centered therapy in helping his clients deal with problematic issues that resulted in their

(1951) emphasized the importance of the person taking control of his own life to overcome life’s challenges. In client-centered therapy, the therapist uses the technique of active listening. In active listening, the therapist acknowledges, restates, and clarifies what the client expresses. Therapists also practice what Rogers called unconditional positive regard, which involves not judging clients and simply accepting them for who they are. Rogers (1951) also felt that therapists should demonstrate genuineness, empathy, and acceptance toward their clients because this helps people become more accepting of themselves, which results in personal growth. Evaluating Various Forms of Psychotherapy How can we assess the effectiveness of psychotherapy? Is one technique more effective than

Typically they are only hospitalized if they ________. a. have schizophrenia b. have insurance c. are an imminent threat to themselves or others d. require therapy 5. The idea behind ________ is that how you think determines how you feel and act. a. cognitive therapy b. cognitive-behavioral therapy c. behavior therapy d. client-centered therapy 6. Mood stabilizers, such as lithium, are used to treat ________. a. anxiety disorders b. depression c. bipolar disorder d. ADHD 7. Clay is in a therapy session. The therapist asks him to relax and say whatever comes to his mind at the moment. This therapist is using ________, which is a technique of ________. a. active listening; client-centered therapy b. systematic desensitization; behavior therapy c. transference; psychoanalysis d. free

factors, Rogers believed that people were more than capable of dealing with and working through their own issues (Thorne & Henley, 2005). FIGURE 1.8 Carl Rogers, shown in this portrait, developed a client-centered therapy method that has been influential in clinical settings. (credit: ""Didius""/Wikimedia Commons) Humanism has been influential to psychology as a whole. Both Maslow and Rogers are well-known names among students of psychology (you will read more about both later in this text), and their ideas have influenced many scholars. Furthermore, Rogers’ client-centered approach to therapy is still commonly used in psychotherapeutic settings today (O’hara, n.d.) LINK TO LEARNING View a brief video of Carl Rogers describing his therapeutic approach (http://openstax.org/l/crogers1) to","Client-centered therapy, also known as Rogerian therapy, is a form of humanistic therapy developed by Carl Rogers. It is a non-directive form of therapy that emphasizes the importance of the person taking control of their own life to overcome life's challenges. In client-centered therapy, the therapist uses the technique of active listening, which involves acknowledging, restating, and clarifying what the client expresses. The therapist also practices unconditional positive regard, genuineness, empathy, and acceptance toward their clients, which helps people become more accepting of themselves, resulting in personal growth.","{""sections"": [""16.review Summary"", ""16.2 Types of Treatment"", ""1.2 History of Psychology"", ""16.review Review Questions""], ""pages"": [14, 15, 614, 628, 629, 630]}"
20,"and even our cultural backgrounds. Cognitive Psychology As mentioned in the previous section, the cognitive revolution created an impetus for psychologists to focus their attention on better understanding the mind and mental processes that underlie behavior. Thus, cognitive psychology is the area of psychology that focuses on studying cognitions, or thoughts, and their relationship to our experiences and our actions. Like biological psychology, cognitive psychology is broad in its scope and often involves collaborations among people from a diverse range of disciplinary backgrounds. This has led some to coin the term cognitive science to describe the interdisciplinary nature of this area of research (Miller, 2003). Cognitive psychologists have research interests that span a spectrum of

in which multiple solutions are attempted until the correct one is found triarchic theory of intelligence Sternberg’s theory of intelligence; three facets of intelligence: practical, creative, and analytical working backwards heuristic in which you begin to solve a problem by focusing on the end result Summary 7.1 What Is Cognition? In this section, you were introduced to cognitive psychology, which is the study of cognition, or the brain’s ability to think, perceive, plan, analyze, and remember. Concepts and their corresponding prototypes help us quickly organize our thinking by creating categories into which we can sort new information. We also develop schemata, which are clusters of related concepts. Some schemata involve routines of thought and behavior, and these help us function

these things done before you head to class or will they need to wait until school is done? These thoughts are one example of cognition at work. Exceptionally complex, cognition is an essential feature of human consciousness, yet not all aspects of cognition are consciously experienced. Cognitive psychology is the field of psychology dedicated to examining how people think. It attempts to explain how and why we think the way we do by studying the interactions among human thinking, emotion, creativity, language, and problem solving, in addition to other cognitive processes. Cognitive psychologists strive to determine and measure different types of intelligence, why some people are better at problem solving than others, and how emotional intelligence affects success in the workplace, among

but their intelligence levels are typically average or above average. Review Questions 1. Cognitive psychology is the branch of psychology that focuses on the study of ________. a. human development b. human thinking c. human behavior d. human society 2. Which of the following is an example of a prototype for the concept of leadership on an athletic team? a. the equipment manager b. the scorekeeper c. the team captain d. the quietest member of the team 3. Which of the following is an example of an artificial concept? a. mammals b. a triangle’s area c. gemstones d. teachers 4. An event schema is also known as a cognitive ________. a. stereotype b. concept c. script d. prototype 5. ________ provides general principles for organizing words into meaningful sentences. a. Linguistic determinism

is the best way to solve a problem? How does a person who has never seen or touched snow in real life develop an understanding of the concept of snow? How do young children acquire the ability to learn language with no formal instruction? Psychologists who study thinking explore questions like these and are called cognitive psychologists. Cognitive psychologists also study intelligence. What is intelligence, and how does it vary from person to person? Are “street smarts” a kind of intelligence, and if so, how do they relate to other types of intelligence? What does an IQ test really measure? These questions and more will be explored in this chapter as you study thinking and intelligence. In other chapters, we discussed the cognitive processes of perception, learning, and memory. In this

of research (Miller, 2003). Cognitive psychologists have research interests that span a spectrum of topics, ranging from attention to problem solving to language to memory. The approaches used in studying these topics are equally diverse. Given such diversity, cognitive psychology is not captured in one chapter of this text per se; rather, various concepts related to cognitive psychology will be covered in relevant portions of the chapters in this text on sensation and perception, thinking and intelligence, memory, lifespan development, social psychology, and therapy. Developmental Psychology Developmental psychology is the scientific study of development across a lifespan. Developmental psychologists are interested in processes related to physical maturation. However, their focus is not

Key Terms algorithm problem-solving strategy characterized by a specific set of instructions analytical intelligence aligned with academic problem solving and computations anchoring bias faulty heuristic in which you fixate on a single aspect of a problem to find a solution artificial concept concept that is defined by a very specific set of characteristics availability heuristic faulty heuristic in which you make a decision based on information readily available to you cognition thinking, including perception, learning, problem solving, judgment, and memory cognitive psychology field of psychology dedicated to studying every aspect of how people think cognitive script set of behaviors that are performed the same way each time; also referred to as an event schema concept category or

of neuroscience and computer science aided this transition. Ultimately, the cognitive revolution took hold, and people came to realize that cognition was crucial to a true appreciation and understanding of behavior. 1.3 Contemporary Psychology Psychology is a diverse discipline that is made up of several major subdivisions with unique perspectives. Biological psychology involves the study of the biological bases of behavior. Sensation and perception refer to the area of psychology that is focused on how information from our sensory modalities is received, and how this information is transformed into our perceptual experiences of the world around us. Cognitive psychology is concerned with the relationship that exists between thought and behavior, and developmental psychologists study the","Cognitive psychology is the field of psychology dedicated to examining how people think. It attempts to explain how and why we think the way we do by studying the interactions among human thinking, emotion, creativity, language, and problem solving, in addition to other cognitive processes. Cognitive psychologists strive to determine and measure different types of intelligence, why some people are better at problem solving than others, and how emotional intelligence affects success in the workplace, among other topics.

Cognitive psychology is broad in its scope and often involves collaborations among people from a diverse range of disciplinary backgrounds, leading some to coin the term cognitive science to describe the interdisciplinary nature of this area of research.","{""sections"": [""1.3 Contemporary Psychology"", ""7.review Summary"", ""7.1 What Is Cognition?"", ""7.review Review Questions"", ""7.0 Introduction"", ""7.review Key Terms"", ""1.review Summary""], ""pages"": [21, 31, 213, 214, 241, 242, 243]}"
21,"of research (Miller, 2003). Cognitive psychologists have research interests that span a spectrum of topics, ranging from attention to problem solving to language to memory. The approaches used in studying these topics are equally diverse. Given such diversity, cognitive psychology is not captured in one chapter of this text per se; rather, various concepts related to cognitive psychology will be covered in relevant portions of the chapters in this text on sensation and perception, thinking and intelligence, memory, lifespan development, social psychology, and therapy. Developmental Psychology Developmental psychology is the scientific study of development across a lifespan. Developmental psychologists are interested in processes related to physical maturation. However, their focus is not

to see how well you recall what you’ve learned. If you are a parent with concerns about your child’s development, contact your pediatrician. Issues in Developmental Psychology There are many different theoretical approaches regarding human development. As we evaluate them in this chapter, recall that developmental psychology focuses on how people change, and keep in mind that all the approaches that we present in this chapter address questions of change: Is the change smooth or uneven (continuous versus discontinuous)? Is this pattern of change the same for everyone, or are there many different patterns of change (one course of development versus many courses)? How do genetics and environment interact to influence development (nature versus nurture)? Is Development Continuous or

development as a lifelong process that can be studied scientifically across three developmental domains—physical, cognitive, and psychosocial development. Physical development involves growth and changes in the body and brain, the senses, motor skills, and health and wellness. Cognitive development involves learning, attention, memory, language, thinking, reasoning, and creativity. Psychosocial development involves emotions, personality, and social relationships. We refer to these domains throughout the chapter. Research Methods in Developmental Psychology You’ve learned about a variety of research methods used by psychologists. Developmental psychologists use many of these approaches in order to better understand how individuals change mentally and physically over time. These methods

social, vocational, and other aspects of the lives of psychologically healthy individuals developmental psychology scientific study of development across a lifespan dissertation long research paper about research that was conducted as a part of the candidate’s doctoral training empirical method method for acquiring knowledge based on observation, including experimentation, rather than a method based only on forms of logical argument or previous authorities forensic psychology area of psychology that applies the science and practice of psychology to issues within and related to the justice system functionalism focused on how mental activities helped an organism adapt to its environment humanism perspective within psychology that emphasizes the potential for good that is innate to all

development 2. Developmental psychologists study human growth and development across three domains. Which of the following is not one of these domains? a. cognitive b. psychological c. physical d. psychosocial 3. How is lifespan development defined? a. The study of how we grow and change from conception to death. b. The study of how we grow and change in infancy and childhood. c. The study of physical, cognitive, and psychosocial growth in children. d. The study of emotions, personality, and social relationships. 4. The idea that even if something is out of sight, it still exists is called ________. a. egocentrism b. object permanence c. conservation d. reversibility 5. Which theorist proposed that moral thinking proceeds through a series of stages? a. Sigmund Freud b. Erik Erikson c.

and mind active can help maintain good physical and cognitive health as we age. Social supports through family and friends remain important as we age. 9.4 Death and Dying Death marks the endpoint of our lifespan. There are many ways that we might react when facing death. Kübler- Ross developed a five-stage model of grief as a way to explain this process. Many people facing death choose hospice care, which allows their last days to be spent at home in a comfortable, supportive environment. Review Questions 1. The view that development is a cumulative process, gradually adding to the same type of skills is known as ________. a. nature b. nurture c. continuous development d. discontinuous development 2. Developmental psychologists study human growth and development across three domains.

studied by developmental psychologists. They view development as a lifelong process that can be studied scientifically across three developmental domains: physical, cognitive development, and psychosocial. There are several theories of development that focus on the following issues: whether development is continuous or discontinuous, whether development follows one course or many, and the relative influence of nature versus nurture on development. 9.2 Lifespan Theories There are many theories regarding how babies and children grow and develop into happy, healthy adults. Sigmund Freud suggested that we pass through a series of psychosexual stages in which our energy is focused on certain erogenous zones on the body. Eric Erikson modified Freud’s ideas and suggested a theory of psychosocial

relationship that exists between thought and behavior, and developmental psychologists study the physical and cognitive changes that occur throughout one’s lifespan. Personality psychology focuses on individuals’ unique patterns of behavior, thought, and emotion. Industrial and organizational psychology, health psychology, sport and exercise psychology, forensic psychology, and clinical psychology are all considered applied areas of psychology. Industrial and organizational psychologists apply psychological concepts to I-O settings. Health psychologists look for ways to help people live healthier lives, and clinical psychology involves the diagnosis and treatment of psychological disorders and other problematic behavioral patterns. Sport and exercise psychologists study the interactions","Developmental psychology is the scientific study of development across a lifespan. It focuses on processes related to physical maturation and how people change over time. The field of developmental psychology encompasses various theoretical approaches, including those that address questions of change, such as whether change is smooth or uneven, and how genetics and environment interact to influence development.

Developmental psychology is not a single, unified field, but rather a collection of concepts and theories that address human development across three developmental domains: physical, cognitive, and psychosocial development.","{""sections"": [""1.3 Contemporary Psychology"", ""9.1 What Is Lifespan Development?"", ""1.review Summary"", ""9.review Review Questions""], ""pages"": [21, 30, 31, 280, 282, 317]}"
22,"and social issues within their specific communities. This section will provide an overview of the major subdivisions within psychology today in the order in which they are introduced throughout the remainder of this textbook. This is not meant to be an exhaustive listing, but it will provide insight into the major areas of research and practice of modern-day psychologists. LINK TO LEARNING Please visit this website about the divisions within the APA (http://openstax.org/l/biopsychology) to learn more. View these student resources (http://openstax.org/l/studentresource) also provided by the APA. Biopsychology and Evolutionary Psychology As the name suggests, biopsychology explores how our biology influences our behavior. While biological psychology is a broad field, many biological

Key Terms American Psychological Association (APA) professional organization representing psychologists in the United States behaviorism focus on observing and controlling behavior biopsychology study of how biology influences behavior biopsychosocial model perspective that asserts that biology, psychology, and social factors interact to determine an individual’s health clinical psychology area of psychology that focuses on the diagnosis and treatment of psychological disorders and other problematic patterns of behavior cognitive psychology study of cognitions, or thoughts, and their relationship to experiences and actions counseling psychology area of psychology that focuses on improving emotional, social, vocational, and other aspects of the lives of psychologically healthy individuals

our biology influences our behavior. While biological psychology is a broad field, many biological psychologists want to understand how the structure and function of the nervous system is related to behavior (Figure 1.10). As such, they often combine the research strategies of both psychologists and physiologists to accomplish this goal (as discussed in Carlson, 2013). FIGURE 1.10 Biological psychologists study how the structure and function of the nervous system generate behavior. The research interests of biological psychologists span a number of domains, including but not limited to, sensory and motor systems, sleep, drug use and abuse, ingestive behavior, reproductive behavior, neurodevelopment, plasticity of the nervous system, and biological correlates of psychological disorders.

plasticity of the nervous system, and biological correlates of psychological disorders. Given the broad areas of interest falling under the purview of biological psychology, it will probably come as no surprise that individuals from all sorts of backgrounds are involved in this research, including biologists, medical professionals, physiologists, and chemists. This interdisciplinary approach is often referred to as neuroscience, of which biological psychology is a component (Carlson, 2013). While biopsychology typically focuses on the immediate causes of behavior based in the physiology of a human or other animal, evolutionary psychology seeks to study the ultimate biological causes of behavior. To the extent that a behavior is impacted by genetics, a behavior, like any anatomical

strives to explain the biological mechanisms that underlie behavior. These physiological and anatomical foundations are the basis for many areas of psychology. In this chapter, you will learn how genetics influence both physiological and psychological traits. You will become familiar with the structure and function of the nervous system. And, finally, you will learn how the nervous system interacts with the endocrine system. Biopsychology

of neuroscience and computer science aided this transition. Ultimately, the cognitive revolution took hold, and people came to realize that cognition was crucial to a true appreciation and understanding of behavior. 1.3 Contemporary Psychology Psychology is a diverse discipline that is made up of several major subdivisions with unique perspectives. Biological psychology involves the study of the biological bases of behavior. Sensation and perception refer to the area of psychology that is focused on how information from our sensory modalities is received, and how this information is transformed into our perceptual experiences of the world around us. Cognitive psychology is concerned with the relationship that exists between thought and behavior, and developmental psychologists study the

applied nature, I-O psychology also involves conducting scientific research on behavior within I-O settings (Riggio, 2013). Health Psychology Health psychology focuses on how health is affected by the interaction of biological, psychological, and sociocultural factors. This particular approach is known as the biopsychosocial model (Figure 1.15). Health psychologists are interested in helping individuals achieve better health through public policy, education, intervention, and research. Health psychologists might conduct research that explores the relationship between one’s genetic makeup, patterns of behavior, relationships, psychological stress, and health. They may research effective ways to motivate people to address patterns of behavior that contribute to poorer health (MacDonald,

and even our cultural backgrounds. Cognitive Psychology As mentioned in the previous section, the cognitive revolution created an impetus for psychologists to focus their attention on better understanding the mind and mental processes that underlie behavior. Thus, cognitive psychology is the area of psychology that focuses on studying cognitions, or thoughts, and their relationship to our experiences and our actions. Like biological psychology, cognitive psychology is broad in its scope and often involves collaborations among people from a diverse range of disciplinary backgrounds. This has led some to coin the term cognitive science to describe the interdisciplinary nature of this area of research (Miller, 2003). Cognitive psychologists have research interests that span a spectrum of","Biopsychology is the study of how biology influences behavior. It is a broad field that explores the biological bases of behavior, often combining research strategies from both psychologists and physiologists. Biological psychologists examine how the structure and function of the nervous system generate behavior, and their research interests span various domains, including sensory and motor systems, sleep, and biological correlates of psychological disorders.

Biopsychology is a component of the field of neuroscience, which is an interdisciplinary approach that involves individuals from diverse backgrounds, including biologists, medical professionals, physiologists, and chemists.","{""sections"": [""1.3 Contemporary Psychology"", ""1.review Summary"", ""3.0 Introduction""], ""pages"": [19, 20, 21, 24, 30, 31, 71]}"
23,"fields that study the interaction of genes and the environment, such as the fields of evolutionary psychology and behavioral genetics. How can we tell them apart? In both fields, it is understood that genes not only code for particular traits, but also contribute to certain patterns of cognition and behavior. Evolutionary psychology focuses on how universal patterns of behavior and cognitive processes have evolved over time. Therefore, variations in cognition and behavior would make individuals more or less successful in reproducing and passing those genes on to their offspring. Evolutionary psychologists study a variety of psychological phenomena that may have evolved as adaptations, including fear DIG DEEPER response, food preferences, mate selection, and cooperative behaviors (Confer

fear DIG DEEPER response, food preferences, mate selection, and cooperative behaviors (Confer et al., 2010). Whereas evolutionary psychologists focus on universal patterns that evolved over millions of years, behavioral geneticists study how individual differences arise, in the present, through the interaction of genes and the environment. When studying human behavior, behavioral geneticists often employ twin and adoption studies to research questions of interest. Twin studies compare the likelihood that a given behavioral trait is shared among identical and fraternal twins; adoption studies compare those rates among biologically related relatives and adopted relatives. Both approaches provide some insight into the relative importance of genes and environment for the expression of a given

Evolutionary psychology, and specifically, the evolutionary psychology of humans, has enjoyed a resurgence in recent decades. To be subject to evolution by natural selection, a behavior must have a significant genetic cause. In general, we expect all human cultures to express a behavior if it is caused genetically, since the genetic differences among human groups are small. The approach taken by most evolutionary psychologists is to predict the outcome of a behavior in a particular situation based on evolutionary theory and then to make observations, or conduct experiments, to determine whether the results match the theory. It is important to recognize that these types of studies are not strong evidence that a behavior is adaptive, since they lack information that the behavior is in some

perspective of evolutionary psychology. Evolutionary psychology is a discipline that studies how universal patterns of behavior and cognitive processes have evolved over time as a result of natural selection. Variations and adaptations in cognition and behavior make individuals more or less successful in reproducing and passing their genes to their offspring. One hypothesis from this perspective might argue that sleep is essential to restore resources that are expended during the day. Just as bears hibernate in the winter when resources are scarce, perhaps people sleep at night to reduce their energy expenditures. While this is an intuitive explanation of sleep, there is little research that supports this explanation. In fact, it has been suggested that there is no reason to think that

plasticity of the nervous system, and biological correlates of psychological disorders. Given the broad areas of interest falling under the purview of biological psychology, it will probably come as no surprise that individuals from all sorts of backgrounds are involved in this research, including biologists, medical professionals, physiologists, and chemists. This interdisciplinary approach is often referred to as neuroscience, of which biological psychology is a component (Carlson, 2013). While biopsychology typically focuses on the immediate causes of behavior based in the physiology of a human or other animal, evolutionary psychology seeks to study the ultimate biological causes of behavior. To the extent that a behavior is impacted by genetics, a behavior, like any anatomical

Behavioral traits need not be adaptive under current conditions, only under the conditions of the past when they evolved, about which we can only hypothesize. There are many areas of human behavior for which evolution can make predictions. Examples include memory, mate choice, relationships between kin, friendship and cooperation, parenting, social organization, and status (Confer et al., 2010). Evolutionary psychologists have had success in finding experimental correspondence between observations and expectations. In one example, in a study of mate preference differences between men and women that spanned 37 cultures, Buss (1989) found that women valued earning potential factors greater than men, and men valued potential reproductive factors (youth and attractiveness) greater than women

men, and men valued potential reproductive factors (youth and attractiveness) greater than women in their prospective mates. In general, the predictions were in line with the predictions of evolution, although there were deviations in some cultures. Sensation and Perception Scientists interested in both physiological aspects of sensory systems as well as in the psychological experience of sensory information work within the area of sensation and perception (Figure 1.11). As such, sensation and perception research is also quite interdisciplinary. Imagine walking between buildings as you move from one class to another. You are inundated with sights, sounds, touch sensations, and smells. You also experience the temperature of the air around you and maintain your balance as you make your way.

some insight into the relative importance of genes and environment for the expression of a given trait. LINK TO LEARNING Watch this interview with renowned evolutionary psychologist David Buss (http://openstax.org/l/buss) to learn more about how a psychologist approaches evolution and how this approach fits within the social sciences. Genetic Variation Genetic variation, the genetic difference between individuals, is what contributes to a species’ adaptation to its environment. In humans, genetic variation begins with an egg, about 100 million sperm, and fertilization. Roughly once per month, active ovaries release an egg from follicles. During the egg's journey from the ovary through the fallopian tubes, to the uterus, a sperm may fertilize the egg. The egg and the sperm each contain 23","Evolutionary psychologists are interested in studying universal patterns of behavior and cognitive processes that have evolved over time as a result of natural selection. They focus on how these patterns have developed to help individuals survive and reproduce in their environments. This includes investigating various psychological phenomena such as fear response, food preferences, mate selection, and cooperative behaviors.

Specifically, evolutionary psychologists study how these patterns have evolved to make individuals more or less successful in reproducing and passing their genes to their offspring. They also examine how these patterns are expressed in different cultures and how they can be predicted based on evolutionary theory.","{""sections"": [""3.1 Human Genetics"", ""1.3 Contemporary Psychology"", ""4.2 Sleep and Why We Sleep""], ""pages"": [20, 73, 74, 116]}"
24,"umami taste for monosodium glutamate vertigo spinning sensation vestibular sense contributes to our ability to maintain balance and body posture visible spectrum portion of the electromagnetic spectrum that we can see wavelength length of a wave from one peak to the next peak Summary 5.1 Sensation versus Perception Sensation occurs when sensory receptors detect sensory stimuli. Perception involves the organization, interpretation, and conscious experience of those sensations. All sensory systems have both absolute and difference thresholds, which refer to the minimum amount of stimulus energy or the minimum amount of difference in stimulus energy required to be detected about 50% of the time, respectively. Sensory adaptation, selective attention, and signal detection theory can help

men, and men valued potential reproductive factors (youth and attractiveness) greater than women in their prospective mates. In general, the predictions were in line with the predictions of evolution, although there were deviations in some cultures. Sensation and Perception Scientists interested in both physiological aspects of sensory systems as well as in the psychological experience of sensory information work within the area of sensation and perception (Figure 1.11). As such, sensation and perception research is also quite interdisciplinary. Imagine walking between buildings as you move from one class to another. You are inundated with sights, sounds, touch sensations, and smells. You also experience the temperature of the air around you and maintain your balance as you make your way.

control (Fine & Minnery, 2009; Miller & Cohen, 2001; Miller & D'Esposito, 2005). For instance, if you misplaced your keys, how would you look for them? If you had a yellow key fob, you would probably look for yellowness of a certain size in specific locations, such as on the counter, coffee table, and other similar places. You would not look for yellowness on your ceiling fan, because you know keys are not normally lying on top of a ceiling fan. That act of searching for a certain size of yellowness in some locations and not others would be top- down—under your control and based on your experience. One way to think of this concept is that sensation is a physical process, whereas perception is psychological. For example, upon walking into a kitchen and smelling the scent of baking cinnamon

5.1 Sensation versus Perception LEARNING OBJECTIVES By the end of this section, you will be able to: • Distinguish between sensation and perception • Describe the concepts of absolute threshold and difference threshold • Discuss the roles attention, motivation, and sensory adaptation play in perception Sensation What does it mean to sense something? Sensory receptors are specialized neurons that respond to specific types of stimuli. When sensory information is detected by a sensory receptor, sensation has occurred. For example, light that enters the eye causes chemical changes in cells that line the back of the eye. These cells relay messages, in the form of action potentials (as you learned when studying biopsychology), to the central nervous system. The conversion from sensory stimulus

of neuroscience and computer science aided this transition. Ultimately, the cognitive revolution took hold, and people came to realize that cognition was crucial to a true appreciation and understanding of behavior. 1.3 Contemporary Psychology Psychology is a diverse discipline that is made up of several major subdivisions with unique perspectives. Biological psychology involves the study of the biological bases of behavior. Sensation and perception refer to the area of psychology that is focused on how information from our sensory modalities is received, and how this information is transformed into our perceptual experiences of the world around us. Cognitive psychology is concerned with the relationship that exists between thought and behavior, and developmental psychologists study the

with a discussion of a historically important theory of perception called Gestalt. Sensation and Perception

psychological. For example, upon walking into a kitchen and smelling the scent of baking cinnamon rolls, the sensation is the scent receptors detecting the odor of cinnamon, but the perception may be “Mmm, this smells like the bread Grandma used to bake when the family gathered for holidays.” Although our perceptions are built from sensations, not all sensations result in perception. In fact, we often don’t perceive stimuli that remain relatively constant over prolonged periods of time. This is known as sensory adaptation. Imagine going to a city that you have never visited. You check in to the hotel, but when you get to your room, there is a road construction sign with a bright flashing light outside your window. Unfortunately, there are no other rooms available, so you are stuck with a

and shows that while closely associated, sensation and perception are different. There is another factor that affects sensation and perception: attention. Attention plays a significant role in determining what is sensed versus what is perceived. Imagine you are at a party full of music, chatter, and laughter. You get involved in an interesting conversation with a friend, and you tune out all the background noise. If someone interrupted you to ask what song had just finished playing, you would probably be unable to answer that question. LINK TO LEARNING See for yourself how inattentional blindness works by checking out this selective attention test (http://openstax.org/l/blindness) from Simons and Chabris (1999). One of the most interesting demonstrations of how important attention is in","Sensation is the process by which sensory receptors detect sensory stimuli, and perception is the organization, interpretation, and conscious experience of those sensations. 

Sensation and perception are distinct but interconnected concepts. Sensation refers to the physical process of detecting sensory information, while perception involves the psychological interpretation and organization of that information.","{""sections"": [""5.review Summary"", ""1.3 Contemporary Psychology"", ""5.1 Sensation versus Perception"", ""1.review Summary"", ""5.0 Introduction""], ""pages"": [20, 31, 145, 146, 147, 174]}"
25,"control (Fine & Minnery, 2009; Miller & Cohen, 2001; Miller & D'Esposito, 2005). For instance, if you misplaced your keys, how would you look for them? If you had a yellow key fob, you would probably look for yellowness of a certain size in specific locations, such as on the counter, coffee table, and other similar places. You would not look for yellowness on your ceiling fan, because you know keys are not normally lying on top of a ceiling fan. That act of searching for a certain size of yellowness in some locations and not others would be top- down—under your control and based on your experience. One way to think of this concept is that sensation is a physical process, whereas perception is psychological. For example, upon walking into a kitchen and smelling the scent of baking cinnamon

umami taste for monosodium glutamate vertigo spinning sensation vestibular sense contributes to our ability to maintain balance and body posture visible spectrum portion of the electromagnetic spectrum that we can see wavelength length of a wave from one peak to the next peak Summary 5.1 Sensation versus Perception Sensation occurs when sensory receptors detect sensory stimuli. Perception involves the organization, interpretation, and conscious experience of those sensations. All sensory systems have both absolute and difference thresholds, which refer to the minimum amount of stimulus energy or the minimum amount of difference in stimulus energy required to be detected about 50% of the time, respectively. Sensory adaptation, selective attention, and signal detection theory can help

psychological. For example, upon walking into a kitchen and smelling the scent of baking cinnamon rolls, the sensation is the scent receptors detecting the odor of cinnamon, but the perception may be “Mmm, this smells like the bread Grandma used to bake when the family gathered for holidays.” Although our perceptions are built from sensations, not all sensations result in perception. In fact, we often don’t perceive stimuli that remain relatively constant over prolonged periods of time. This is known as sensory adaptation. Imagine going to a city that you have never visited. You check in to the hotel, but when you get to your room, there is a road construction sign with a bright flashing light outside your window. Unfortunately, there are no other rooms available, so you are stuck with a

5.1 Sensation versus Perception LEARNING OBJECTIVES By the end of this section, you will be able to: • Distinguish between sensation and perception • Describe the concepts of absolute threshold and difference threshold • Discuss the roles attention, motivation, and sensory adaptation play in perception Sensation What does it mean to sense something? Sensory receptors are specialized neurons that respond to specific types of stimuli. When sensory information is detected by a sensory receptor, sensation has occurred. For example, light that enters the eye causes chemical changes in cells that line the back of the eye. These cells relay messages, in the form of action potentials (as you learned when studying biopsychology), to the central nervous system. The conversion from sensory stimulus

and shows that while closely associated, sensation and perception are different. There is another factor that affects sensation and perception: attention. Attention plays a significant role in determining what is sensed versus what is perceived. Imagine you are at a party full of music, chatter, and laughter. You get involved in an interesting conversation with a friend, and you tune out all the background noise. If someone interrupted you to ask what song had just finished playing, you would probably be unable to answer that question. LINK TO LEARNING See for yourself how inattentional blindness works by checking out this selective attention test (http://openstax.org/l/blindness) from Simons and Chabris (1999). One of the most interesting demonstrations of how important attention is in

men, and men valued potential reproductive factors (youth and attractiveness) greater than women in their prospective mates. In general, the predictions were in line with the predictions of evolution, although there were deviations in some cultures. Sensation and Perception Scientists interested in both physiological aspects of sensory systems as well as in the psychological experience of sensory information work within the area of sensation and perception (Figure 1.11). As such, sensation and perception research is also quite interdisciplinary. Imagine walking between buildings as you move from one class to another. You are inundated with sights, sounds, touch sensations, and smells. You also experience the temperature of the air around you and maintain your balance as you make your way.

sensory systems to provide important information about our surroundings. We use this information to successfully navigate and interact with our environment so that we can find nourishment, seek shelter, maintain social relationships, and avoid potentially dangerous situations. This chapter will provide an overview of how sensory information is received and processed by the nervous system and how that affects our conscious experience of the world. We begin by learning the distinction between sensation and perception. Then we consider the physical properties of light and sound stimuli, along with an overview of the basic structure and function of the major sensory systems. The chapter will close with a discussion of a historically important theory of perception called Gestalt. Sensation and

experience the temperature of the air around you and maintain your balance as you make your way. These are all factors of interest to someone working in the domain of sensation and perception. FIGURE 1.11 When you look at this image, you may see a duck or a rabbit. The sensory information remains the same, but your perception can vary dramatically. As described in a later chapter that focuses on the results of studies in sensation and perception, our experience of our world is not as simple as the sum total of all of the sensory information (or sensations) together. Rather, our experience (or perception) is complex and is influenced by where we focus our attention, our previous experiences, and even our cultural backgrounds. Cognitive Psychology As mentioned in the previous section, the","Sensation and perception are two distinct concepts in the field of psychology. Sensation refers to the physical process of detecting sensory stimuli, where sensory receptors respond to specific types of stimuli. Perception, on the other hand, involves the organization, interpretation, and conscious experience of those sensations. In other words, sensation is the raw data detected by sensory receptors, while perception is the meaning and interpretation we assign to that data.

There is no difference between absolute threshold and difference threshold, as they are both concepts related to the detection of sensory stimuli. Absolute threshold refers to the minimum amount of stimulus energy required to be detected about 50% of the time, while difference threshold refers to the minimum amount of difference in stimulus energy required to be detected about 50% of the time.","{""sections"": [""5.1 Sensation versus Perception"", ""5.review Summary"", ""1.3 Contemporary Psychology"", ""5.0 Introduction""], ""pages"": [20, 145, 146, 147, 174]}"
26,"furry, four-legged creatures are dogs. He now modifies his schema for dogs and forms a new one for sheep. Like Freud and Erikson, Piaget thought development unfolds in a series of stages approximately associated with age ranges. He proposed a theory of cognitive development that unfolds in four stages: sensorimotor, preoperational, concrete operational, and formal operational (Table 9.2). Piaget’s Stages of Cognitive Development Age (years) Stage Description Developmental issues 0–2 Sensorimotor World experienced through senses and actions Object permanence Stranger anxiety 2–6 Preoperational Use words and images to represent things, but lack logical reasoning Pretend play Egocentrism Language development 7–11 Concrete operational Understand concrete events and analogies logically;

zones on the body. Eric Erikson modified Freud’s ideas and suggested a theory of psychosocial development. Erikson said that our social interactions and successful completion of social tasks shape our sense of self. Jean Piaget proposed a theory of cognitive development that explains how children think and reason as they move through various stages. Finally, Lawrence Kohlberg turned his attention to moral development. He said that we pass through three levels of moral thinking that build on our cognitive development. 9.3 Stages of Development At conception the egg and sperm cell are united to form a zygote, which will begin to divide rapidly. This marks the beginning of the first stage of prenatal development (germinal stage), which lasts about two weeks. Then the zygote implants itself

childhood development (Figure 9.5). Instead of approaching development from a psychoanalytical or psychosocial perspective, Piaget focused on children’s cognitive growth. He believed that thinking is a central aspect of development and that children are naturally inquisitive. However, he said that children do not think and reason like adults (Piaget, 1930, 1932). His theory of cognitive development holds that our cognitive abilities develop through specific stages, which exemplifies the discontinuity approach to development. As we progress to a new stage, there is a distinct shift in how we think and reason. FIGURE 9.5 Jean Piaget spent over 50 years studying children and how their minds develop. Piaget said that children develop schemata to help them understand the world. Schemata are

Thought As with other major contributors of theories of development, several of Piaget’s ideas have come under criticism based on the results of further research. For example, several contemporary studies support a model of development that is more continuous than Piaget’s discrete stages (Courage & Howe, 2002; Siegler, 2005, 2006). Many others suggest that children reach cognitive milestones earlier than Piaget describes (Baillargeon, 2004; de Hevia & Spelke, 2010). According to Piaget, the highest level of cognitive development is formal operational thought, which develops between 11 and 20 years old. However, many developmental psychologists disagree with Piaget, suggesting a fifth stage of cognitive development, known as the postformal stage (Basseches, 1984; Commons & Bresette, 2006;

things continue to exist, even if they are hidden from us. If you were to show an adult a toy, and then hide it behind a curtain, the adult knows that the toy still exists. However, very young infants act as if a hidden object no longer exists. The age at which object permanence is achieved is somewhat controversial (Munakata, McClelland, Johnson, and Siegler, 1997). FIGURE 1.12 Jean Piaget is famous for his theories regarding changes in cognitive ability that occur as we move from infancy to adulthood. While Piaget was focused on cognitive changes during infancy and childhood as we move to adulthood, there is an increasing interest in extending research into the changes that occur much later in life. This may be reflective of changing population demographics of developed nations as a

vs. guilt Take initiative on some activities—may develop guilt when unsuccessful or boundaries overstepped 7–11 Industry vs. inferiority Develop self-confidence in abilities when competent or sense of inferiority when not TABLE 9.1 Stage Age (years) Developmental Task Description 12–18 Identity vs. confusion Experiment with and develop identity and roles 19–29 Intimacy vs. isolation Establish intimacy and relationships with others 30–64 Generativity vs. stagnation Contribute to society and be part of a family 65– Integrity vs. despair Assess and make sense of life and meaning of contributions TABLE 9.1 Cognitive Theory of Development Jean Piaget (1896–1980) is another stage theorist who studied childhood development (Figure 9.5). Instead of approaching development from a psychoanalytical

organs secure attachment characterized by the child using the parent as a secure base from which to explore secure base parental presence that gives the infant/toddler a sense of safety as they explore their surroundings sensorimotor stage first stage in Piaget’s theory of cognitive development; from birth through age 2, a child learns about the world through senses and motor behavior socioemotional selectivity theory social support/friendships dwindle in number, but remain as close, if not more close than in earlier years spermarche first male ejaculation stage of moral reasoning process proposed by Kohlberg; humans move through three stages of moral development temperament innate traits that influence how one thinks, behaves, and reacts with the environment teratogen biological,

9.2 Lifespan Theories LEARNING OBJECTIVES By the end of this section, you will be able to: • Discuss Freud’s theory of psychosexual development • Describe the major tasks of child and adult psychosocial development according to Erikson • Discuss Piaget’s view of cognitive development and apply the stages to understanding childhood cognition • Describe Kohlberg’s theory of moral development • Compare and contrast the strengths and weaknesses of major developmental theories There are many theories regarding how babies and children grow and develop into happy, healthy adults. We explore several of these theories in this section. Psychosexual Theory of Development Sigmund Freud (1856–1939) believed that personality develops during early childhood. For Freud, childhood experiences shape our","Jean Piaget proposed a theory of cognitive development that unfolds in four stages: sensorimotor, preoperational, concrete operational, and formal operational. In the sensorimotor stage (0-2 years), children learn about the world through senses and motor behavior. In the preoperational stage (2-6 years), children use words and images to represent things, but lack logical reasoning. In the concrete operational stage (7-11 years), children understand concrete events and analogies logically. Finally, in the formal operational stage (11-20 years), children develop formal operational thought, which involves the ability to reason abstractly and think logically about abstract concepts.

Piaget also believed that children develop schemata to help them understand the world, and that thinking is a central aspect of development. He argued that children progress through these stages in a discontinuous manner, with a distinct shift in how they think and reason as they move from one stage to the next.","{""sections"": [""9.2 Lifespan Theories"", ""9.review Review Questions"", ""1.3 Contemporary Psychology"", ""9.review Summary""], ""pages"": [21, 284, 286, 287, 288, 290, 316, 317]}"
27,"are interested in processes related to physical maturation. However, their focus is not limited to the physical changes associated with aging, as they also focus on changes in cognitive skills, moral reasoning, social behavior, and other psychological attributes. Early developmental psychologists focused primarily on changes that occurred through reaching adulthood, providing enormous insight into the differences in physical, cognitive, and social capacities that exist between very young children and adults. For instance, research by Jean Piaget (Figure 1.12) demonstrated that very young children do not demonstrate object permanence. Object permanence refers to the understanding that physical things continue to exist, even if they are hidden from us. If you were to show an adult a toy,

Language development 7–11 Concrete operational Understand concrete events and analogies logically; perform arithmetical operations Conservation Mathematical transformations 12– Formal operational Formal operations Utilize abstract reasoning Abstract logic Moral reasoning TABLE 9.2 The first stage is the sensorimotor stage, which lasts from birth to about 2 years old. During this stage, children learn about the world through their senses and motor behavior. Young children put objects in their mouths to see if the items are edible, and once they can grasp objects, they may shake or bang them to see if they make sounds. Between 5 and 8 months old, the child develops object permanence, which is the understanding that even if something is out of sight, it still exists (Bogartz, Shinskey, &

is the understanding that even if something is out of sight, it still exists (Bogartz, Shinskey, & Schilling, 2000). According to Piaget, young infants do not remember an object after it has been removed from sight. Piaget studied infants’ reactions when a toy was first shown to an infant and then hidden under a blanket. Infants who had already developed object permanence would reach for the hidden toy, indicating that they knew it still existed, whereas infants who had not developed object permanence would appear confused. LINK TO LEARNING Please take a few minutes and view this brief video demonstrating different children's abilities to understand object permanence (http://openstax.org/l/piaget) to learn more. In Piaget’s view, around the same time children develop object permanence,

motor skills ability to move our body and manipulate objects nature genes and biology newborn reflexes inborn automatic response to a particular form of stimulation that all healthy babies are born with normative approach study of development using norms, or average ages, when most children reach specific developmental milestones nurture environment and culture object permanence idea that even if something is out of sight, it still exists permissive parenting style parents make few demands and rarely use punishment physical development domain of lifespan development that examines growth and changes in the body and brain, the senses, motor skills, and health and wellness placenta structure connected to the uterus that provides nourishment and oxygen to the developing baby prenatal care

development 2. Developmental psychologists study human growth and development across three domains. Which of the following is not one of these domains? a. cognitive b. psychological c. physical d. psychosocial 3. How is lifespan development defined? a. The study of how we grow and change from conception to death. b. The study of how we grow and change in infancy and childhood. c. The study of physical, cognitive, and psychosocial growth in children. d. The study of emotions, personality, and social relationships. 4. The idea that even if something is out of sight, it still exists is called ________. a. egocentrism b. object permanence c. conservation d. reversibility 5. Which theorist proposed that moral thinking proceeds through a series of stages? a. Sigmund Freud b. Erik Erikson c.

ideas about object permanence? We can expect children to grasp the concept that objects continue to exist even when they are not in sight by around 8 months old. Because toddlers (i.e., 12–24 months old) have mastered object permanence, they enjoy games like hide and seek, and they realize that when someone leaves the room they will come back (Loop, 2013). Toddlers also point to pictures in books and look in appropriate places when you ask them to find objects. Preschool-age children (i.e., 3–5 years old) also make steady progress in cognitive development. Not only can they count, name colors, and tell you their name and age, but they can also make some decisions on their own, such as choosing an outfit to wear. Preschool-age children understand basic time concepts and sequencing (e.g.,

furry, four-legged creatures are dogs. He now modifies his schema for dogs and forms a new one for sheep. Like Freud and Erikson, Piaget thought development unfolds in a series of stages approximately associated with age ranges. He proposed a theory of cognitive development that unfolds in four stages: sensorimotor, preoperational, concrete operational, and formal operational (Table 9.2). Piaget’s Stages of Cognitive Development Age (years) Stage Description Developmental issues 0–2 Sensorimotor World experienced through senses and actions Object permanence Stranger anxiety 2–6 Preoperational Use words and images to represent things, but lack logical reasoning Pretend play Egocentrism Language development 7–11 Concrete operational Understand concrete events and analogies logically;

due to their limited experiences in the world. FIGURE 9.11 In Baillargeon’s study, infants observed a truck (a) roll down an unobstructed track, (b) roll down an unobstructed track with an obstruction (box) beside it, and (c) roll down and pass through what appeared to be an obstruction. Just as there are physical milestones that we expect children to reach, there are also cognitive milestones. It is helpful to be aware of these milestones as children gain new abilities to think, problem solve, and communicate. For example, infants shake their head “no” around 6–9 months, and they respond to verbal requests to do things like “wave bye-bye” or “blow a kiss” around 9–12 months. Remember Piaget’s ideas about object permanence? We can expect children to grasp the concept that objects continue","Object permanence is the understanding that physical things continue to exist, even if they are hidden from us. 

Object permanence is also referred to as the idea that even if something is out of sight, it still exists.","{""sections"": [""1.3 Contemporary Psychology"", ""9.2 Lifespan Theories"", ""9.review Summary"", ""9.review Review Questions"", ""9.3 Stages of Development""], ""pages"": [21, 288, 299, 316, 317]}"
28,"one cell to pass into the next. There are far fewer electrical synapses in the brain, but those that do exist are much faster than the chemical synapses that have been described above (Connors & Long, 2004). LINK TO LEARNING Watch this video about neuronal communication (http://openstax.org/l/neuroncom) to learn more. Neurotransmitters and Drugs There are several different types of neurotransmitters released by different neurons, and we can speak in broad terms about the kinds of functions associated with different neurotransmitters (Table 3.1). Much of what psychologists know about the functions of neurotransmitters comes from research on the effects of drugs in psychological disorders. Psychologists who take a biological perspective and focus on the physiological causes of behavior

researchers as to which neurotransmitter plays which specific role (Blockland, 1996). Although we don’t yet know which role each neurotransmitter plays in memory, we do know that communication among neurons via neurotransmitters is critical for developing new memories. Repeated activity by neurons leads to increased neurotransmitters in the synapses and more efficient and more synaptic connections. This is how memory consolidation occurs. It is also believed that strong emotions trigger the formation of strong memories, and weaker emotional experiences form weaker memories; this is called arousal theory (Christianson, 1992). For example, strong emotional experiences can trigger the release of neurotransmitters, as well as hormones, which strengthen memory; therefore, our memory for an

task) (Kapur et al., 1994). Participants were then asked which words they had previously seen. Recall was much better for the semantic task than for the perceptual task. According to PET scans, there was much more activation in the left inferior prefrontal cortex in the semantic task. In another study, encoding was associated with left frontal activity, while retrieval of information was associated with the right frontal region (Craik et al., 1999). Neurotransmitters There also appear to be specific neurotransmitters involved with the process of memory, such as epinephrine, dopamine, serotonin, glutamate, and acetylcholine (Myhrer, 2003). There continues to be discussion and debate among researchers as to which neurotransmitter plays which specific role (Blockland, 1996). Although we

times the risk (Merikangas et al., 2011). The rate of concordance for major depressive disorder is higher among identical twins than fraternal twins (50% vs. 38%, respectively), as is that of bipolar disorder (67% vs. 16%, respectively), suggesting that genetic factors play a stronger role in bipolar disorder than in major depressive disorder (Merikangas et al. 2011). People with mood disorders often have imbalances in certain neurotransmitters, particularly norepinephrine and serotonin (Thase, 2009). These neurotransmitters are important regulators of the bodily functions that are disrupted in mood disorders, including appetite, sex drive, sleep, arousal, and mood. Medications that are used to treat major depressive disorder typically boost serotonin and norepinephrine activity, whereas

Psychologists who take a biological perspective and focus on the physiological causes of behavior assert that psychological disorders like depression and schizophrenia are associated with imbalances in one or more neurotransmitter systems. In this perspective, psychotropic medications can help improve the symptoms associated with these disorders. Psychotropic medications are drugs that treat psychiatric symptoms by restoring neurotransmitter balance. Major Neurotransmitters and How They Affect Behavior Neurotransmitter Involved in Potential Effect on Behavior Acetylcholine Muscle action, memory Increased arousal, enhanced cognition Beta-endorphin Pain, pleasure Decreased anxiety, decreased tension Dopamine Mood, sleep, learning Increased pleasure, suppressed appetite Gamma-aminobutyric

of neurotransmitters, as well as hormones, which strengthen memory; therefore, our memory for an emotional event is usually better than our memory for a non-emotional event. When humans and animals are stressed, the brain secretes more of the neurotransmitter glutamate, which helps them remember the stressful event (McGaugh, 2003). This is clearly evidenced by what is known as the flashbulb memory phenomenon. A flashbulb memory is an exceptionally clear recollection of an important event (Figure 8.9). Many people who have lived through historic and momentous events can recall exactly where they were and how they heard about them. For example, a Pew Research Center (2011) survey found that for those Americans who were age 8 or older at the time of 9/11 terrorist attacks, 97% can recall the

3.2 Cells of the Nervous System LEARNING OBJECTIVES By the end of this section, you will be able to: • Identify the basic parts of a neuron • Describe how neurons communicate with each other • Explain how drugs act as agonists or antagonists for a given neurotransmitter system Psychologists striving to understand the human mind may study the nervous system. Learning how the body's cells and organs function can help us understand the biological basis of human psychology. The nervous system is composed of two basic cell types: glial cells (also known as glia) and neurons. Glial cells are traditionally thought to play a supportive role to neurons, both physically and metabolically. Glial cells provide scaffolding on which the nervous system is built, help neurons line up closely with each

types and classes of medications are prescribed for different disorders. An individual with depression might be given an antidepressant, an individual with bipolar disorder might be given a mood stabilizer, and an individual with schizophrenia might be given an antipsychotic. These medications treat the symptoms of a psychological disorder by altering the levels or effects of neurotransmitters. For example, each type of antidepressant affects a different neurotransmitter, such as SSRI (selective serotonin reuptake inhibitor) antidepressants that increase the level of the neurotransmitter serotonin, and SNRI (serotonin- norepinephrine reuptake inhibitor) antidepressants that increase the levels of both serotonin and norepinephrine. They can help people feel better so that they can function","Neurotransmitters play a crucial role in psychology as they facilitate communication among neurons, which is essential for behavior, learning, and memory. They transmit signals from one neuron to another, allowing for the processing and storage of information. Neurotransmitters also regulate various physiological functions, such as appetite, sex drive, sleep, arousal, and mood, which are disrupted in psychological disorders.

In psychology, neurotransmitters are often associated with the development of psychological disorders, such as depression and schizophrenia, which are thought to be linked to imbalances in neurotransmitter systems. Psychotropic medications, which are used to treat these disorders, work by restoring neurotransmitter balance, thereby improving symptoms.","{""sections"": [""3.2 Cells of the Nervous System"", ""8.2 Parts of the Brain Involved with Memory"", ""15.7 Mood and Related Disorders"", ""16.2 Types of Treatment""], ""pages"": [78, 82, 83, 257, 564, 615]}"
29,"is the HEXACO model. HEXACO is an acronym for six broad traits: honesty- humility, emotionality, extraversion, agreeableness, conscientiousness, and openness to experience (Anglim & O’Connor, 2018). Table 11.6 provides a brief overview of each trait. The HEXACO Traits Trait Example Aspects of Trait (H) Honesty-humility Sincerity, modesty, faithfulness (E) Emotionality Sentimentality, anxiety, sensitivity (X) Extraversion Sociability, talkativeness, boldness (A) Agreeableness Patience, tolerance, gentleness (C) Conscientiousness Organization, thoroughness, precision (O) Openness Creativity, inquisitiveness, innovativeness TABLE 11.6 LINK TO LEARNING Take the Big Five Personality test (http://openstax.org/l/big5) to find out about your personality and where you fall on the Big Five factors.

trait dimensions are sufficient to capture the variations in personality seen across individuals. These five dimensions are known as the “Big Five” or the Five Factor model, and include dimensions of conscientiousness, agreeableness, neuroticism, openness, and extraversion (Figure 1.13). Each of these traits has been demonstrated to be relatively stable over the lifespan (e.g., Rantanen, Metsäpelto, Feldt, Pulkinnen, and Kokko, 2007; Soldz & Vaillant, 1999; McCrae & Costa, 2008) and is influenced by genetics (e.g., Jang, Livesly, and Vernon, 1996). FIGURE 1.13 Each of the dimensions of the Five Factor model is shown in this figure. The provided description would describe someone who scored highly on that given dimension. Someone with a lower score on a given dimension could be described

have found that conscientiousness increases through young adulthood into middle age, as we become better able to manage our personal relationships and careers (Donnellan & Lucas, 2008). Agreeableness also increases with age, peaking between 50 to 70 years (Terracciano, McCrae, Brant, & Costa, 2005). Neuroticism and extroversion tend to decline slightly with age (Donnellan & Lucas; Terracciano et al.). Additionally, The Big Five factors have been shown to exist across ethnicities, cultures, and ages, and may have substantial biological and genetic components (Jang, Livesley, & Vernon, 1996; Jang et al., 2006; McCrae & Costa, 1997; Schmitt et al., 2007). Another model of personality traits is the HEXACO model. HEXACO is an acronym for six broad traits: honesty- humility, emotionality,

versus superego control (Eysenck, Eysenck & Barrett, 1985). In this dimension, people who are high on psychoticism tend to be independent thinkers, cold, nonconformists, impulsive, antisocial, and hostile, whereas people who are high on superego control tend to have high impulse control—they are more altruistic, empathetic, cooperative, and conventional (Eysenck, Eysenck & Barrett, 1985). While Cattell’s 16 factors may be too broad, the Eysenck’s two-factor system has been criticized for being too narrow. Another personality theory, called the Five Factor Model, effectively hits a middle ground, with its five factors referred to as the Big Five personality factors. It is the most popular theory in personality psychology today and the most accurate approximation of the basic personality

varies across cultures. Let’s take a look at some of the Big Five factors (conscientiousness, neuroticism, openness, and extroversion) across cultures. As you will learn when you study social psychology, Asian cultures are more collectivist, and people in these cultures tend to be less extroverted. People in Central and South American cultures tend to score higher on openness to experience, whereas Europeans score higher on neuroticism (Benet-Martinez & Karakitapoglu-Aygun, 2003). According to a study by Rentfrow and colleagues, there also seem to be regional personality differences within the United States (Figure 11.15). Researchers analyzed responses from over 1.5 million individuals in the United States and found that there are three distinct regional personality clusters: Cluster 1,

(Tok, 2011). The fourth factor is agreeableness, which is the tendency to be pleasant, cooperative, trustworthy, and good-natured. People who score low on agreeableness tend to be described as rude and uncooperative, yet one recent study reported that men who scored low on this factor actually earned more money than men who were considered more agreeable (Judge, Livingston, & Hurst, 2012). The last of the Big Five factors is neuroticism, which is the tendency to experience negative emotions. People high on neuroticism tend to experience emotional instability and are characterized as angry, impulsive, and hostile. Watson and Clark (1984) found that people reporting high levels of neuroticism also tend to report feeling anxious and unhappy. In contrast, people who score low in neuroticism

also tend to report feeling anxious and unhappy. In contrast, people who score low in neuroticism tend to be calm and even-tempered. FIGURE 11.14 In the Five Factor Model, each person has five factors, each scored on a continuum from high to low. In the center column, notice that the first letter of each factor spells the mnemonic OCEAN. The Big Five personality factors each represent a range between two extremes. In reality, most of us tend to lie somewhere midway along the continuum of each factor, rather than at polar ends. It’s important to note that the Big Five factors are relatively stable over our lifespan, with some tendency for the factors to increase or decrease slightly. Researchers have found that conscientiousness increases through young adulthood into middle age, as we

theory in personality psychology today and the most accurate approximation of the basic personality dimensions (Funder, 2001). The five factors are openness to experience, conscientiousness, extroversion, agreeableness, and neuroticism (Figure 11.14). A helpful way to remember the factors is by using the mnemonic OCEAN. In the Five Factor Model, each person has each factor, but they occur along a spectrum. Openness to experience is characterized by imagination, feelings, actions, and ideas. People who score high on this factor tend to be curious and have a wide range of interests. Conscientiousness is characterized by competence, self- discipline, thoughtfulness, and achievement-striving (goal-directed behavior). People who score high on this factor are hardworking and dependable.","The Big Five personality trait model is a widely accepted theory in personality psychology that proposes that individual differences in personality can be described by five broad dimensions: openness to experience, conscientiousness, extraversion, agreeableness, and neuroticism. These dimensions are relatively stable across the lifespan and are influenced by genetics. The model is often referred to as the Five Factor Model or the OCEAN model, with each letter standing for a specific trait: openness, conscientiousness, extraversion, agreeableness, and neuroticism.

The Big Five model is considered the most accurate approximation of the basic personality dimensions and is widely used in research and assessment. It provides a framework for understanding individual differences in personality and has been shown to be applicable across cultures and ages.","{""sections"": [""11.7 Trait Theorists"", ""1.3 Contemporary Psychology"", ""11.8 Cultural Understandings of Personality""], ""pages"": [22, 382, 383, 384]}"
30,"15.1 What Are Psychological Disorders? LEARNING OBJECTIVES By the end of this section, you will be able to: • Understand the problems inherent in defining the concept of psychological disorder • Describe what is meant by harmful dysfunction • Identify the formal criteria that thoughts, feelings, and behaviors must meet to be considered abnormal and, thus, symptomatic of a psychological disorder According to the American Psychiatric Association, a psychological disorder, or mental disorder, is “a syndrome characterized by clinically significant disturbance in an individual's cognition, emotion regulation, or behavior that reflects a dysfunction in the psychological, biological, or developmental processes underlying mental functioning. Mental disorders are usually associated with significant

a specific object or situation suicidal ideation thoughts of death by suicide, thinking about or planning suicide, or making a suicide attempt suicide death caused by intentional, self-directed injurious behavior supernatural describes a force beyond scientific understanding ventricle one of the fluid-filled cavities within the brain Summary 15.1 What Are Psychological Disorders? Psychological disorders are conditions characterized by abnormal thoughts, feelings, and behaviors. Although challenging, it is essential for psychologists and mental health professionals to agree on what kinds of inner experiences and behaviors constitute the presence of a psychological disorder. Inner experiences and behaviors that are atypical or violate social norms could signify the presence of a disorder;

with psychological disorders are far more than just embodiments of their disorders. We do not use terms such as schizophrenics, depressives, or phobics because they are labels that objectify people who have these conditions, thus promoting biased and disparaging assumptions about them. It is important to remember that a psychological disorder is not what a person is; it is something that a person has—through no fault of their own. As is the case with cancer or diabetes, those with psychological disorders suffer debilitating, often painful conditions that are not of their own choosing. These individuals deserve to be viewed and treated with compassion, understanding, and dignity.

features of the harmful dysfunction model are incorporated in a formal definition of psychological disorder developed by the American Psychiatric Association (APA). According to the APA (2013), a psychological disorder is a condition that is said to consist of the following: • There are significant disturbances in thoughts, feelings, and behaviors. A person must experience inner states (e.g., thoughts and/or feelings) and exhibit behaviors that are clearly disturbed—that is, unusual, but in a negative, self-defeating way. Often, such disturbances are troubling to those around the individual who experiences them. For example, an individual who is uncontrollably preoccupied by thoughts of germs spends hours each day bathing, has inner experiences, and displays behaviors that most would

outlined, please bear two things in mind. First, remember that psychological disorders represent extremes of inner experience and behavior. If, while reading about these disorders, you feel that these descriptions begin to personally characterize you, do not worry—this moment of enlightenment probably means nothing more than you have had a range of experiences and emotions. Each of us experiences episodes of sadness, anxiety, and preoccupation with certain thoughts—times when we do not quite feel ourselves. These episodes should not be considered problematic unless the accompanying thoughts and behaviors become extreme and have a disruptive effect on one’s life. Second, understand that people with psychological disorders are far more than just embodiments of their disorders. We do not use

FIGURE 15.1 A wreath is laid in memoriam to victims of the Washington Navy Yard shooting. (credit: modification of work by D. Myles Cullen, US Department of Defense) INTRODUCTION CHAPTER OUTLINE 15.1 What Are Psychological Disorders? 15.2 Diagnosing and Classifying Psychological Disorders 15.3 Perspectives on Psychological Disorders 15.4 Anxiety Disorders 15.5 Obsessive-Compulsive and Related Disorders 15.6 Posttraumatic Stress Disorder 15.7 Mood and Related Disorders 15.8 Schizophrenia 15.9 Dissociative Disorders 15.10 Disorders in Childhood 15.11 Personality Disorders On Monday, September 16, 2013, a gunman killed 12 people as the workday began at the Washington Navy Yard in Washington, DC. Aaron Alexis, 34, had a troubled history: he thought that he was being controlled by radio waves.

disorder? Psychologists work to distinguish psychological disorders from inner experiences and behaviors that are merely situational, idiosyncratic, or unconventional. Mental health issues are often incorrectly viewed as less important than physical illnesses, and sometimes people are blamed or otherwise stigmatized for their condition. People with mental illnesses did not choose or create their illness, and cannot simply manage it through positive thinking or other attitudinal changes. Diagnosis, treatment, and support are all necessary, and all must be considered with respect and sensitivity to the extremely challenging nature of mental illness. While not everyone experiencing difficulty has a psychological disorder, mental health is critical to our ability to function in our

month prodromal symptom in schizophrenia, one of the early minor symptoms of psychosis psychological disorder condition characterized by abnormal thoughts, feelings, and behaviors psychopathology study of psychological disorders, including their symptoms, causes, and treatment; manifestation of a psychological disorder rumination in depression, tendency to repetitively and passively dwell on one’s depressed symptoms, their meanings, and their consequences safety behavior mental and behavior acts designed to reduce anxiety in social situations by reducing the chance of negative social outcomes; common in social anxiety disorder schizophrenia severe disorder characterized by major disturbances in thought, perception, emotion, and behavior with symptoms that include hallucinations, delusions,","According to the American Psychiatric Association, a psychological disorder is a syndrome characterized by clinically significant disturbance in an individual's cognition, emotion regulation, or behavior that reflects a dysfunction in the psychological, biological, or developmental processes underlying mental functioning. This definition encompasses conditions characterized by abnormal thoughts, feelings, and behaviors.

Psychological disorders are conditions that are marked by significant disturbances in thoughts, feelings, and behaviors, which can be troubling to those around the individual who experiences them.","{""sections"": [""15.1 What Are Psychological Disorders?"", ""15.review Summary"", ""15.2 Diagnosing and Classifying Psychological Disorders"", ""15.0 Introduction""], ""pages"": [537, 538, 541, 545, 591]}"
31,"mental health professionals in the United States is the Diagnostic and Statistical Manual of Mental Disorders (DSM-5), published by the American Psychiatric Association (2013). (Note that the American Psychiatric Association differs from the American Psychological Association; both are abbreviated APA.) The first edition of the DSM, published in 1952, classified psychological disorders according to a format developed by the U.S. Army during World War II (Clegg, 2012). In the years since, the DSM has undergone numerous revisions and editions. The most recent edition, published in 2013, is the DSM-5 (APA, 2013). The DSM-5 includes many categories of disorders (e.g., anxiety disorders, depressive disorders, and dissociative disorders). Each disorder is described in detail, including an

and impairment in one’s life c. embarrass one’s friends and/or family d. violate the norms of one’s culture 3. The letters in the abbreviation DSM-5 stand for ________. a. Diseases and Statistics Manual of Medicine b. Diagnosable Standards Manual of Mental Disorders c. Diseases and Symptoms Manual of Mental Disorders d. Diagnostic and Statistical Manual of Mental Disorders 4. A study based on over 9,000 U. S. residents found that the most prevalent disorder was ________. a. major depressive disorder b. social anxiety disorder c. obsessive-compulsive disorder d. specific phobia 5. The diathesis-stress model presumes that psychopathology results from ________. a. vulnerability and adverse experiences b. biochemical factors c. chemical imbalances and structural abnormalities in the brain d.

some of the more well-known drugs commonly used today. Substance Use Disorders The fifth edition of the Diagnostic and Statistical Manual of Mental Disorders, Fifth Edition (DSM-5) is used by clinicians to diagnose individuals suffering from various psychological disorders. Drug use disorders are addictive disorders, and the criteria for specific substance (drug) use disorders are described in DSM-5. A person who has a substance use disorder often uses more of the substance than they originally intended to and continues to use that substance despite experiencing significant adverse consequences. In individuals diagnosed with a substance use disorder, there is a compulsive pattern of drug use that is often associated with both physical and psychological dependence. Physical dependence

Disorders, Fifth Edition (DSM-5) authoritative index of mental disorders and the criteria for their diagnosis; published by the American Psychiatric Association (APA) diathesis-stress model suggests that people with a predisposition for a disorder (a diathesis) are more likely to develop the disorder when faced with stress; model of psychopathology disorganized thinking disjointed and incoherent thought processes, usually detected by what a person says disorganized/abnormal motor behavior highly unusual behaviors and movements (such as child-like behaviors), repeated and purposeless movements, and displaying odd facial expressions and gestures dissociative amnesia dissociative disorder characterized by an inability to recall important personal information, usually following an extremely

must cause significant impairment in one’s life, and must not reflect culturally expected reactions to certain life events. 15.2 Diagnosing and Classifying Psychological Disorders The diagnosis and classification of psychological disorders is essential in studying and treating psychopathology. The classification system used by most U.S. professionals is the DSM-5. The first edition of the DSM was published in 1952, and has undergone numerous revisions. The 5th and most recent edition, the DSM-5, was published in 2013. The diagnostic manual includes a total of 237 specific diagnosable disorders, each described in detail, including its symptoms, prevalence, risk factors, and comorbidity. Over time, the number of diagnosable conditions listed in the DSM has grown steadily, prompting

1943 by psychiatrist Leo Kanner described an unusual neurodevelopmental condition he observed in a group of children. He called this condition early infantile autism, and it was characterized mainly by an inability to form close emotional ties with others, speech and language abnormalities, repetitive behaviors, and an intolerance of minor changes in the environment and in normal routines (Bregman, 2005). What the DSM-5 refers to as autism spectrum disorder today, is a direct extension of Kanner’s work. Autism spectrum disorder is probably the most misunderstood of the neurodevelopmental disorders. Children with this disorder show signs of significant disturbances in three main areas: (a) deficits in social interaction, (b) deficits in communication, and (c) repetitive patterns of

and intense and inappropriate anger catatonic behavior decreased reactivity to the environment; includes posturing and catatonic stupor comorbidity co-occurrence of two disorders in the same individual delusion belief that is contrary to reality and is firmly held, despite contradictory evidence depersonalization/derealization disorder dissociative disorder in which people feel detached from the self (depersonalization), and the world feels artificial and unreal (derealization) depressive disorder one of a group of mood disorders in which depression is the defining feature diagnosis determination of which disorder a set of symptoms represents Diagnostic and Statistical Manual of Mental Disorders, Fifth Edition (DSM-5) authoritative index of mental disorders and the criteria for their

15.2 Diagnosing and Classifying Psychological Disorders LEARNING OBJECTIVES By the end of this section, you will be able to: • Explain why classification systems are necessary in the study of psychopathology • Describe the basic features of the Diagnostic and Statistical Manual of Mental Disorders, Fifth Edition (DSM-5) • Discuss changes in the DSM over time, including criticisms of the current edition • Identify which disorders are generally the most common A first step in the study of psychological disorders is carefully and systematically discerning significant signs and symptoms. How do mental health professionals ascertain whether or not a person’s inner states and behaviors truly represent a psychological disorder? Arriving at a proper diagnosis—that is, appropriately identifying and","The DSM-5 is the Diagnostic and Statistical Manual of Mental Disorders, Fifth Edition, published by the American Psychiatric Association in 2013. It is an authoritative index of mental disorders and the criteria for their diagnosis. The DSM-5 includes many categories of disorders, such as anxiety disorders, depressive disorders, and dissociative disorders, and provides detailed descriptions of each disorder, including its symptoms, prevalence, risk factors, and comorbidity.","{""sections"": [""15.2 Diagnosing and Classifying Psychological Disorders"", ""15.review Review Questions"", ""4.5 Substance Use and Abuse"", ""15.review Key Terms"", ""15.review Summary"", ""15.10 Disorders in Childhood""], ""pages"": [126, 542, 579, 589, 591, 594]}"
32,"way, Milgram’s experiment was a clever ruse that took advantage of research confederates, those who pretend to be participants in a research study who are actually working for the researcher and have clear, specific directions on how to behave during the research study (Hock, 2009). Milgram’s and others’ studies that involved deception and potential emotional harm to study participants catalyzed the development of ethical guidelines for conducting psychological research that discourage the use of deception of research subjects, unless it can be argued not to cause harm and, in general, requiring informed consent of participants. FIGURE 1.14 Stanley Milgram’s research demonstrated just how far people will go in obeying orders from an authority figure. This advertisement was used to recruit

from ideas that are not. Replication has an important role in ensuring the legitimacy of published research. In the long run, only those findings that are capable of being replicated consistently will achieve consensus in the scientific community. 2.4 Ethics Ethics in research is an evolving field, and some practices that were accepted or tolerated in the past would be considered unethical today. Researchers are expected to adhere to basic ethical guidelines when conducting experiments that involve human participants. Any experiment involving human participants must be approved by an IRB. Participation in experiments is voluntary and requires informed consent of the participants. If any deception is involved in the experiment, each participant must be fully debriefed upon the conclusion

subjects. Often, these researchers use rodents (Figure 2.22) or birds as the subjects of their experiments—the APA estimates that 90% of all animal research in psychology uses these species (American Psychological Association, n.d.). Because many basic processes in animals are sufficiently similar to those in humans, these animals are acceptable substitutes for research that would be considered unethical in human participants. FIGURE 2.22 Rats, like the one shown here, often serve as the subjects of animal research. This does not mean that animal researchers are immune to ethical concerns. Indeed, the humane and ethical treatment of animal research subjects is a critical aspect of this type of research. Researchers must design their experiments to minimize any pain or distress experienced

FIGURE 2.1 How does television content impact children’s behavior? (credit: modification of work by “antisocialtory”/Flickr) INTRODUCTION CHAPTER OUTLINE 2.1 Why Is Research Important? 2.2 Approaches to Research 2.3 Analyzing Findings 2.4 Ethics Have you ever wondered whether the violence you see on television affects your behavior? Are you more likely to behave aggressively in real life after watching people behave violently in dramatic situations on the screen? Or, could seeing fictional violence actually get aggression out of your system, causing you to be more peaceful? How are children influenced by the media they are exposed to? A psychologist interested in the relationship between behavior and exposure to violent images might ask these very questions. Since ancient times, humans

relationships. Correlational research can find a relationship between two variables, but the only way a researcher can claim that the relationship between the variables is cause and effect is to perform an experiment. In experimental research, which will be discussed later in this chapter, there is a tremendous amount of control over variables of interest. While this is a powerful approach, experiments are often conducted in artificial settings. This calls into question the validity of experimental findings with regard to how they would apply in real-world settings. In addition, many of the questions that psychologists would like to answer cannot be pursued through experimental research because of ethical concerns. Clinical or Case Studies In 2011, the New York Times published a feature

2.4 Ethics LEARNING OBJECTIVES By the end of this section, you will be able to: • Discuss how research involving human subjects is regulated • Summarize the processes of informed consent and debriefing • Explain how research involving animal subjects is regulated Today, scientists agree that good research is ethical in nature and is guided by a basic respect for human dignity and safety. However, as you will read in the feature box, this has not always been the case. Modern researchers must demonstrate that the research they perform is ethically sound. This section presents how ethical considerations affect the design and implementation of research conducted today. Research Involving Human Participants Any experiment involving the participation of human subjects is governed by extensive,

compliant, making them more likely to reveal information to their interrogators. There is little evidence that the program achieved worthwhile results. It is now widely regarded as unethical and unjustified. This example emphasizes the need to consistently consider the ethics of research studies and their applications (Konnikova, 2015). Seligman and colleagues later reformulated the original learned helplessness model of depression (Abramson, Seligman, & Teasdale, 1978). In their reformulation, they emphasized attributions (i.e., a mental explanation for why something occurred) that fostered a sense of learned helplessness. For example, suppose a coworker shows up late to work; your belief as to what caused the coworker’s tardiness would be an attribution (e.g., too much traffic, slept

participants in order to maintain the integrity of the experiment, but not to the point where the deception could be considered harmful. For example, if we are interested in how our opinion of someone is affected by their attire, we might use deception in describing the experiment to prevent that knowledge from affecting participants’ responses. In cases where deception is involved, participants must receive a full debriefing upon conclusion of the study—complete, honest information about the purpose of the experiment, how the data collected will be used, the reasons why deception was necessary, and information about how to obtain additional information about the study. Ethics and the Tuskegee Syphilis Study Unfortunately, the ethical guidelines that exist for research today were not","Ethics in psychological research is important because it ensures that research is conducted in a responsible and respectful manner, prioritizing the well-being and dignity of human participants. This includes obtaining informed consent, minimizing harm, and ensuring that participants are debriefed upon conclusion of the study. Ethics also guides researchers to consider the potential consequences of their research and to design studies that are not only scientifically valid but also socially responsible. By prioritizing ethics, researchers can build trust with their participants, maintain the integrity of their research, and contribute to the advancement of knowledge in a way that benefits society.

Additionally, ethics is essential in ensuring that research is conducted in a way that is transparent, accountable, and free from harm. This includes considering the potential impact of research on vulnerable populations, such as children, and taking steps to minimize any harm that may result from the research. By incorporating ethics into their research, psychologists can ensure that their work is not only scientifically valid but also socially responsible and respectful of human dignity.","{""sections"": [""1.3 Contemporary Psychology"", ""2.review Summary"", ""2.4 Ethics"", ""2.0 Introduction"", ""2.2 Approaches to Research"", ""14.4 Regulation of Stress""], ""pages"": [24, 35, 42, 59, 60, 61, 65, 516]}"
33,"brief video of Carl Rogers describing his therapeutic approach (http://openstax.org/l/crogers1) to learn more. The Cognitive Revolution Behaviorism’s emphasis on objectivity and focus on external behavior had pulled psychologists’ attention away from the mind for a prolonged period of time. The early work of the humanistic psychologists redirected attention to the individual human as a whole, and as a conscious and self-aware being. By the 1950s, new disciplinary perspectives in linguistics, neuroscience, and computer science were emerging, and these areas revived interest in the mind as a focus of scientific inquiry. This particular perspective has come to be known as the cognitive revolution (Miller, 2003). By 1967, Ulric Neisser published the first textbook entitled Cognitive

behavior (Miller, 2003). FIGURE 1.9 Noam Chomsky was very influential in beginning the cognitive revolution. In 2010, this mural honoring him was put up in Philadelphia, Pennsylvania. (credit: Robert Moran) European psychology had never really been as influenced by behaviorism as had American psychology; and thus, the cognitive revolution helped reestablish lines of communication between European psychologists and their American counterparts. Furthermore, psychologists began to cooperate with scientists in other fields, like anthropology, linguistics, computer science, and neuroscience, among others. This interdisciplinary approach often was referred to as the cognitive sciences, and the influence and prominence of this particular perspective resonates in modern-day psychology (Miller,

and even our cultural backgrounds. Cognitive Psychology As mentioned in the previous section, the cognitive revolution created an impetus for psychologists to focus their attention on better understanding the mind and mental processes that underlie behavior. Thus, cognitive psychology is the area of psychology that focuses on studying cognitions, or thoughts, and their relationship to our experiences and our actions. Like biological psychology, cognitive psychology is broad in its scope and often involves collaborations among people from a diverse range of disciplinary backgrounds. This has led some to coin the term cognitive science to describe the interdisciplinary nature of this area of research (Miller, 2003). Cognitive psychologists have research interests that span a spectrum of

John Watson is often considered the father of behaviorism, and B. F. Skinner’s contributions to our understanding of principles of operant conditioning cannot be underestimated. As behaviorism and psychoanalytic theory took hold of so many aspects of psychology, some began to become dissatisfied with psychology’s picture of human nature. Thus, a humanistic movement within psychology began to take hold. Humanism focuses on the potential of all people for good. Both Maslow and Rogers were influential in shaping humanistic psychology. During the 1950s, the landscape of psychology began to change. A science of behavior began to shift back to its roots of focus on mental processes. The emergence of neuroscience and computer science aided this transition. Ultimately, the cognitive revolution

revolution (Miller, 2003). By 1967, Ulric Neisser published the first textbook entitled Cognitive Psychology, which served as a core text in cognitive psychology courses around the country (Thorne & Henley, 2005). Although no one person is entirely responsible for starting the cognitive revolution, Noam Chomsky was very influential in the early days of this movement (Figure 1.9). Chomsky (1928–), an American linguist, was dissatisfied with the influence that behaviorism had had on psychology. He believed that psychology’s focus on behavior was short-sighted and that the field had to re-incorporate mental functioning into its purview if it were to offer any meaningful contributions to understanding behavior (Miller, 2003). FIGURE 1.9 Noam Chomsky was very influential in beginning the

1.2 History of Psychology LEARNING OBJECTIVES By the end of this section, you will be able to: • Understand the importance of Wundt and James in the development of psychology • Appreciate Freud’s influence on psychology • Understand the basic tenets of Gestalt psychology • Appreciate the important role that behaviorism played in psychology’s history • Understand basic tenets of humanism • Understand how the cognitive revolution shifted psychology’s focus back to the mind Psychology is a relatively young science with its experimental roots in the 19th century, compared, for example, to human physiology, which dates much earlier. As mentioned, anyone interested in exploring issues related to the mind generally did so in a philosophical context prior to the 19th century. Two 19th century

that have been influential in shaping how clinicians interact with people seeking psychotherapy. While aspects of the psychoanalytic theory are still found among some of today’s therapists who are trained from a psychodynamic perspective, Roger’s ideas about client-centered therapy have been especially influential in shaping how many clinicians operate. Furthermore, both behaviorism and the cognitive revolution have shaped clinical practice in the forms of behavioral therapy, cognitive therapy, and cognitive-behavioral therapy (Figure 1.16). Issues related to the diagnosis and treatment of psychological disorders and problematic patterns of behavior will be discussed in detail in later chapters of this textbook. FIGURE 1.16 Cognitive-behavioral therapists take cognitive processes and

of neuroscience and computer science aided this transition. Ultimately, the cognitive revolution took hold, and people came to realize that cognition was crucial to a true appreciation and understanding of behavior. 1.3 Contemporary Psychology Psychology is a diverse discipline that is made up of several major subdivisions with unique perspectives. Biological psychology involves the study of the biological bases of behavior. Sensation and perception refer to the area of psychology that is focused on how information from our sensory modalities is received, and how this information is transformed into our perceptual experiences of the world around us. Cognitive psychology is concerned with the relationship that exists between thought and behavior, and developmental psychologists study the","The cognitive revolution in psychology refers to the shift in focus from behaviorism to the study of mental processes, including cognition, that occurred in the mid-20th century. This movement was influenced by the work of Noam Chomsky, Ulric Neisser, and other researchers who sought to revive interest in the mind as a focus of scientific inquiry. The cognitive revolution marked a significant change in the field of psychology, as it emphasized the importance of mental processes, such as perception, attention, memory, and language, in understanding behavior.

The cognitive revolution was a response to the dominance of behaviorism, which had focused on external behavior and had largely ignored the role of mental processes. The cognitive revolution helped to reestablish lines of communication between European and American psychologists, and it led to the development of new areas of research, such as cognitive psychology and cognitive science.","{""sections"": [""1.2 History of Psychology"", ""1.3 Contemporary Psychology"", ""1.review Summary""], ""pages"": [9, 16, 21, 25, 31]}"
34,"of a feminist psychology that attempted to be free of the influence of male cultural biases on our knowledge of the psychology of women. Crawford & Marecek (1989) identify several feminist approaches to psychology that can be described as feminist psychology. These include re-evaluating and discovering the contributions of women to the history of psychology, studying psychological gender differences, and questioning the male bias present across the practice of the scientific approach to knowledge. Multicultural And Cross-Cultural Psychology Culture impacts individuals, groups, and society. An ongoing issue researchers are trying to correct is that certain populations have been over-studied and the results of these studies have been applied to other populations. For example, Henrich,

1993), stimulated a feminist revolution in psychology by presenting a critique of psychology as a science. She also specifically criticized male psychologists for constructing the psychology of women entirely out of their own cultural biases and without careful experimental tests to verify any of their characterizations of women. Weisstein used, as examples, statements by prominent psychologists in the 1960s, such as this quote by Bruno Bettleheim: “We must start with the realization that, as much as women want to be good scientists or engineers, they want first and foremost to be womanly companions of men and to be mothers.” Weisstein’s critique formed the foundation for the subsequent development of a feminist psychology that attempted to be free of the influence of male cultural biases

influence and prominence of this particular perspective resonates in modern-day psychology (Miller, 2003). Feminist Psychology The science of psychology has had an impact on human wellbeing, both positive and negative. The dominant influence of Western, White, and male academics in the early history of psychology meant that psychology developed with the biases inherent in those individuals, which often had negative consequences for members of society who were not White or male. Women, members of ethnic minorities in both the United States and other countries, and individuals with sexual orientations other than straight had difficulties entering the field of psychology and therefore influencing its development. They also suffered from the attitudes of White male psychologists who were not

its development. They also suffered from the attitudes of White male psychologists who were not immune to the nonscientific attitudes prevalent in the society in which they DIG DEEPER developed and worked. Until the 1960s, the science of psychology was largely a “womanless” psychology (Crawford & Marecek, 1989), meaning that few women were able to practice psychology, so they had little influence on what was studied. In addition, the experimental subjects of psychology were mostly men, which resulted from underlying assumptions that gender had no influence on psychology and that women were not of sufficient interest to study. An article by Naomi Weisstein, first published in 1968 (Weisstein, 1993), stimulated a feminist revolution in psychology by presenting a critique of psychology as a

1998; Olson & Fazio, 2003). Sexism Sexism is prejudice and discrimination toward individuals based on their sex. Typically, sexism takes the form of men holding biases against women, but anyone can show sexism toward their own or the other sex. Like racism, sexism may be subtle and difficult to detect. Common forms of sexism in modern society include gender role expectations, such as expecting women to be the caretakers of the household. Sexism also includes people’s expectations for how members of a gender group should behave. For example, women are expected to be friendly, passive, and nurturing, and when women behave in an unfriendly, assertive, or neglectful manner they often are disliked for violating their gender role (Rudman, 1998). Research by Laurie Rudman (1998) finds that when

FIGURE 1.1 Psychology is the scientific study of mind and behavior. (credit ""background"": modification of work by Nattachai Noogure; credit ""top left"": modification of work by Peter Shanks; credit ""top middle"": modification of work by ""devinf""/Flickr; credit ""top right"": modification of work by Alejandra Quintero Sinisterra; credit ""bottom left"": modification of work by Gabriel Rocha; credit ""bottom middle-left"": modification of work by Caleb Roenigk; credit ""bottom middle-right"": modification of work by Staffan Scherz; credit ""bottom right"": modification of work by Czech Provincial Reconstruction Team) INTRODUCTION CHAPTER OUTLINE 1.1 What Is Psychology? 1.2 History of Psychology 1.3 Contemporary Psychology 1.4 Careers in Psychology Clive Wearing is an accomplished musician who lost his

1905, Mary Whiton Calkins was elected as the first female president of the APA, and by 1946, nearly one-quarter of American psychologists were female. Psychology became a popular degree option for students enrolled in the nation’s historically Black higher education institutions, increasing the number of Black Americans who went on to become psychologists. Given demographic shifts occurring in the United States and increased access to higher educational opportunities among historically underrepresented populations, there is reason to hope that the diversity of the field will increasingly match the larger population, and that the research contributions made by the psychologists of the future will better serve people of all backgrounds (Women and Minorities in Psychology, n.d.). The Process

as excluding older adults from their circle of friends. In this way, discrimination is a form of oppression. An example of a psychologist experiencing gender discrimination is found in the life and studies of Mary Whiton Calkins. Calkins was given special permission to attend graduate seminars at Harvard (at that time in the late 1880s, Harvard did not accept women) and at one point was the sole student of the famous psychologist William James. She passed all the requirements needed for a PhD and was described by psychologist Hugo Münsterberg as “one of the strongest professors of psychology in this country.” However, Harvard refused to grant Calkins a PhD because she was a woman (Harvard University, 2019). Table 12.3 summarizes the characteristics of stereotypes, prejudice, and","Feminist psychology is a perspective in psychology that attempts to be free of the influence of male cultural biases on our knowledge of the psychology of women. It involves re-evaluating and discovering the contributions of women to the history of psychology, studying psychological gender differences, and questioning the male bias present across the practice of the scientific approach to knowledge.

It also involves recognizing and challenging the ways in which women have been excluded from the field of psychology and the ways in which their experiences and perspectives have been marginalized or ignored. This perspective seeks to promote a more inclusive and equitable understanding of human behavior and mental processes, and to address the social and cultural factors that contribute to inequality and discrimination.","{""sections"": [""1.2 History of Psychology"", ""12.5 Prejudice and Discrimination"", ""1.0 Introduction"", ""2.1 Why Is Research Important?""], ""pages"": [7, 16, 17, 39, 423, 425]}"
35,"and the results of these studies have been applied to other populations. For example, Henrich, Heine, and Norenzayan discuss how WEIRD societies have been overstudied and the results have been wrongly applied to non-WEIRD societies (2010). WEIRD stands for western, educated, industrialized, rich, and democratic. Henrich, Heine, and Norenzayan found that there are many differences between people in the WEIRD group and people in less industrialized, less urban, and non- Western societies. These differences occur in a variety of areas, including perception, cooperation, and moral reasoning. That is, people vary depending on their culture and environment. Multicultural psychologists develop theories and conduct research with diverse populations, typically within one country. Cross-cultural

of a feminist psychology that attempted to be free of the influence of male cultural biases on our knowledge of the psychology of women. Crawford & Marecek (1989) identify several feminist approaches to psychology that can be described as feminist psychology. These include re-evaluating and discovering the contributions of women to the history of psychology, studying psychological gender differences, and questioning the male bias present across the practice of the scientific approach to knowledge. Multicultural And Cross-Cultural Psychology Culture impacts individuals, groups, and society. An ongoing issue researchers are trying to correct is that certain populations have been over-studied and the results of these studies have been applied to other populations. For example, Henrich,

and conduct research with diverse populations, typically within one country. Cross-cultural psychologists compare populations across countries, such as participants from the United States compared to participants from China. In 1920, Francis Cecil Sumner was the first African American to receive a PhD in psychology in the United States. Sumner established a psychology degree program at Howard University, leading to the education of a new generation of African American psychologists (Black, Spence, and Omari, 2004). Much of the work of early psychologists from diverse backgrounds was dedicated to challenging intelligence testing and promoting innovative educational methods for children. George I. Sanchez contested such testing with Mexican American children. As a psychologist of Mexican

wrong. How does his religious and cultural background affect him? How might his cultural background affect how his family reacts if José were to tell them he is gay? Mental health professionals must develop cultural competence (Figure 16.20), which means they must understand and address issues of race, culture, and ethnicity. They must also develop strategies to effectively address the needs of various populations for which Eurocentric therapies have limited application (Sue, 2004). For example, a counselor whose treatment focuses on individual decision making may be ineffective at helping a Chinese client with a collectivist approach to problem solving (Sue, 2004). Multicultural counseling and therapy aims to offer both a helping role and process that uses modalities and defines goals

of personality assessment instruments that are based on constructs relevant to the culture being studied (Cheung et al., 2011). The third approach to cross-cultural studies of personality is the combined approach, which serves as a bridge between Western and indigenous psychology as a way of understanding both universal and cultural variations in personality (Cheung et al., 2011).

Summary 12.1 What Is Social Psychology? Social psychology is the subfield of psychology that studies the power of the situation to influence individuals’ thoughts, feelings, and behaviors. Psychologists categorize the causes of human behavior as those due to internal factors, such as personality, or those due to external factors, such as cultural and other social influences. Behavior is better explained, however, by using both approaches. Lay people tend to over-rely on dispositional explanations for behavior and ignore the power of situational influences, a perspective called the fundamental attribution error. People from individualistic cultures are more likely to display this bias versus people from collectivistic cultures. Our explanations for our own and others behaviors can be biased

and even our cultural backgrounds. Cognitive Psychology As mentioned in the previous section, the cognitive revolution created an impetus for psychologists to focus their attention on better understanding the mind and mental processes that underlie behavior. Thus, cognitive psychology is the area of psychology that focuses on studying cognitions, or thoughts, and their relationship to our experiences and our actions. Like biological psychology, cognitive psychology is broad in its scope and often involves collaborations among people from a diverse range of disciplinary backgrounds. This has led some to coin the term cognitive science to describe the interdisciplinary nature of this area of research (Miller, 2003). Cognitive psychologists have research interests that span a spectrum of

and how we will behave. They learn about basic principles that guide how we think and behave, and they come to recognize the tremendous diversity that exists across individuals and across cultural boundaries (American Psychological Association, 2011). LINK TO LEARNING Watch a brief video about some questions to consider before deciding to major in psychology (http://openstax.org/l/psycmajor) to learn more.","Multicultural psychology is a field of study that focuses on understanding the diversity of human experience across cultures and populations. It involves developing theories and conducting research with diverse populations, typically within one country, to address the unique needs and experiences of different cultural groups. Multicultural psychologists aim to promote cultural competence and understanding, and to develop strategies to effectively address the needs of various populations for which Eurocentric therapies have limited application.

This field of study acknowledges that cultural background and environment impact individuals, groups, and society, and seeks to correct the issue of certain populations being over-studied and the results of these studies being applied to other populations.","{""sections"": [""1.2 History of Psychology"", ""16.5 The Sociocultural Model and Therapy Utilization"", ""11.8 Cultural Understandings of Personality"", ""12.review Summary"", ""1.3 Contemporary Psychology"", ""1.1 What Is Psychology?""], ""pages"": [9, 17, 21, 386, 439, 623]}"
36,"and conduct research with diverse populations, typically within one country. Cross-cultural psychologists compare populations across countries, such as participants from the United States compared to participants from China. In 1920, Francis Cecil Sumner was the first African American to receive a PhD in psychology in the United States. Sumner established a psychology degree program at Howard University, leading to the education of a new generation of African American psychologists (Black, Spence, and Omari, 2004). Much of the work of early psychologists from diverse backgrounds was dedicated to challenging intelligence testing and promoting innovative educational methods for children. George I. Sanchez contested such testing with Mexican American children. As a psychologist of Mexican

of personality assessment instruments that are based on constructs relevant to the culture being studied (Cheung et al., 2011). The third approach to cross-cultural studies of personality is the combined approach, which serves as a bridge between Western and indigenous psychology as a way of understanding both universal and cultural variations in personality (Cheung et al., 2011).

of a feminist psychology that attempted to be free of the influence of male cultural biases on our knowledge of the psychology of women. Crawford & Marecek (1989) identify several feminist approaches to psychology that can be described as feminist psychology. These include re-evaluating and discovering the contributions of women to the history of psychology, studying psychological gender differences, and questioning the male bias present across the practice of the scientific approach to knowledge. Multicultural And Cross-Cultural Psychology Culture impacts individuals, groups, and society. An ongoing issue researchers are trying to correct is that certain populations have been over-studied and the results of these studies have been applied to other populations. For example, Henrich,

and the results of these studies have been applied to other populations. For example, Henrich, Heine, and Norenzayan discuss how WEIRD societies have been overstudied and the results have been wrongly applied to non-WEIRD societies (2010). WEIRD stands for western, educated, industrialized, rich, and democratic. Henrich, Heine, and Norenzayan found that there are many differences between people in the WEIRD group and people in less industrialized, less urban, and non- Western societies. These differences occur in a variety of areas, including perception, cooperation, and moral reasoning. That is, people vary depending on their culture and environment. Multicultural psychologists develop theories and conduct research with diverse populations, typically within one country. Cross-cultural

have been used in cross-cultural personality assessments. However, it was found that test bias limited their usefulness (Hoy-Watkins & Jenkins-Moore, 2008). It is difficult to assess the personalities and lifestyles of members of widely divergent ethnic/cultural groups using personality instruments based on data from a single culture or race (Hoy-Watkins & Jenkins-Moore, 2008). For example, when the TAT was used with African-American test takers, the result was often shorter story length and low levels of cultural identification (Duzant, 2005). Therefore, it was vital to develop other personality assessments that explored factors such as race, language, and level of acculturation (Hoy-Watkins & Jenkins- Moore, 2008). To address this need, Robert Williams developed the first culturally

perspective looks at you, your behaviors, and your symptoms in the context of your culture and background. Clinicians using this approach integrate cultural and religious beliefs into the therapeutic process. Research has shown that ethnic minorities are less likely to access mental health services than their White middle-class American counterparts. Barriers to treatment include lack of insurance, transportation, and time; cultural views that mental illness is a stigma; fears about treatment; and language barriers. Supporting mental health treatment involves speaking and listening openly about mental health, avoiding assumptions, being conscious about language, and encouraging others to get help when needed.

in a given cultural context. People in Western cultures, for example, have a perceptual context of buildings with straight lines, what Segall’s study called a carpentered world (Segall et al., 1966). In contrast, people from certain non-Western cultures with an uncarpentered view, such as the Zulu of South Africa, whose villages are made up of round huts arranged in circles, are less susceptible to this illusion (Segall et al., 1999). It is not just vision that is affected by cultural factors. Indeed, research has demonstrated that the ability to identify an odor, and rate its pleasantness and its intensity, varies cross- culturally (Ayabe-Kanamura, Saito, Distel, Martínez-Gómez, & Hudson, 1998). Children described as thrill seekers are more likely to show taste preferences for intense

from depressive symptoms. However, 71% indicated they thought depression was a sign of personal weakness, and 14% reported that having a mentally ill family member would bring shame to the family (Jang, Chiriboga, & Okazaki, 2009). Language differences are a further barrier to treatment. In the previous study on Korean Americans’ attitudes toward mental health services, it was found that there were no Korean-speaking mental health professionals where the study was conducted (Orlando and Tampa, Florida) (Jang et al., 2009). Because of the growing number of people from ethnically diverse backgrounds, there is a need for therapists and psychologists to develop knowledge and skills to become culturally competent (Ahmed, Wilson, Henriksen, & Jones, 2011). Those providing therapy must approach","The challenges of cross-cultural psychology include over-studying certain populations, applying results to other populations without consideration for cultural differences, and the need for culturally relevant and competent practitioners. Additionally, test bias, language barriers, and cultural differences in perception, cooperation, and moral reasoning can limit the usefulness of cross-cultural personality assessments. Furthermore, stereotypes and stigma surrounding mental illness can prevent individuals from seeking help, and the lack of culturally competent therapists and psychologists can exacerbate these issues.

Specifically, the challenges include: 
- Over-studying certain populations
- Applying results to other populations without consideration for cultural differences
- Test bias
- Language barriers
- Cultural differences in perception
- Cultural differences in cooperation
- Cultural differences in moral reasoning","{""sections"": [""1.2 History of Psychology"", ""11.8 Cultural Understandings of Personality"", ""11.9 Personality Assessment"", ""16.review Summary"", ""5.1 Sensation versus Perception"", ""16.5 The Sociocultural Model and Therapy Utilization""], ""pages"": [17, 149, 386, 389, 625, 629]}"
37,"exhibited by individuals who tend to be extremely competitive, impatient, rushed, and hostile toward others Type B psychological and behavior pattern exhibited by a person who is relaxed and laid back Summary 14.1 What Is Stress? Stress is a process whereby an individual perceives and responds to events appraised as overwhelming or threatening to one’s well-being. The scientific study of how stress and emotional factors impact health and well-being is called health psychology, a field devoted to studying the general impact of psychological factors on health. The body’s primary physiological response during stress, the fight-or-flight response, was first identified in the early 20th century by Walter Cannon. The fight-or-flight response involves the coordinated activity of both the

is, all can be stressful in some way. Scientific interest in stress, including how we adapt and cope, has been longstanding in psychology; indeed, after nearly a century of research on the topic, much has been learned and many insights have been developed. This chapter examines stress and highlights our current understanding of the phenomenon, including its psychological and physiological natures, its causes and consequences, and the steps we can take to master stress rather than become its victim. Stress, Lifestyle, and Health

14.1 What Is Stress? LEARNING OBJECTIVES By the end of this section, you will be able to: • Differentiate between stimulus-based and response-based definitions of stress • Define stress as a process • Differentiate between good stress and bad stress • Describe the early contributions of Walter Cannon and Hans Selye to the stress research field • Understand the physiological basis of stress and describe the general adaptation syndrome The term stress as it relates to the human condition first emerged in scientific literature in the 1930s, but it did not enter the popular vernacular until the 1970s (Lyon, 2012). Today, we often use the term loosely in describing a variety of unpleasant feeling states; for example, we often say we are stressed out when we feel frustrated, angry, conflicted,

directed at eliminating the cause of the stress). Although stress can be positive at times, it can have deleterious health implications, contributing to the onset and progression of a variety of physical illnesses and diseases (Cohen & Herbert, 1996). The scientific study of how stress and other psychological factors impact health falls within the realm of health psychology, a subfield of psychology devoted to understanding the importance of psychological influences on health, illness, and how people respond when they become ill (Taylor, 1999). Health psychology emerged as a discipline in the 1970s, a time during which there was increasing awareness of the role behavioral and lifestyle factors play in the development of illnesses and diseases (Straub, 2007). In addition to studying the

for example, you have to drive somewhere in a blizzard, when you wake up late the morning of an important job interview, when you run out of money before the next pay period, and before taking an important exam for which you realize you are not fully prepared. FIGURE 14.5 Nearly half of U.S. adults indicated that their stress levels have increased over the last five years (Neelakantan, 2013). Stress is an experience that evokes a variety of responses, including those that are physiological (e.g., accelerated heart rate, headaches, or gastrointestinal problems), cognitive (e.g., difficulty concentrating or making decisions), and behavioral (e.g., drinking alcohol, smoking, or taking actions directed at eliminating the cause of the stress). Although stress can be positive at times, it can

the adrenal glands, which in turn release epinephrine, norepinephrine, and cortisol. These hormones affect a number of bodily processes in ways that prepare the stressed person to take direct action, but also in ways that may heighten the potential for illness. When stress is extreme or chronic, it can have profoundly negative consequences. For example, stress often contributes to the development of certain psychological disorders, including post-traumatic stress disorder, major depressive disorder, and other serious psychiatric conditions. Additionally, we noted earlier that stress is linked to the development and progression of a variety of physical illnesses and diseases. For example, researchers in one study found that people injured during the September 11, 2001, World Trade Center

changed the face of health psychology (Kiecolt-Glaser, 2009). Psychoneuroimmunology is the field that studies how psychological factors such as stress influence the immune system and immune functioning. The term psychoneuroimmunology was first coined in 1981, when it appeared as the title of a book that reviewed available evidence for associations between the brain, endocrine system, and immune system (Zacharie, 2009). To a large extent, this field evolved from the discovery that there is a connection between the central nervous system and the immune system. Some of the most compelling evidence for a connection between the brain and the immune system comes from studies in which researchers demonstrated that immune responses in animals could be classically conditioned (Everly & Lating,

defined stress as the “response of the body to any demand, whether it is caused by, or results in, pleasant or unpleasant conditions” (Selye, 1976, p. 74). Selye’s definition of stress is response-based in that it conceptualizes stress chiefly in terms of the body’s physiological reaction to any demand that is placed on it. Neither stimulus-based nor response-based definitions provide a complete definition of stress. Many of the physiological reactions that occur when faced with demanding situations (e.g., accelerated heart rate) can also occur in response to things that most people would not consider to be genuinely stressful, such as receiving unanticipated good news: an unexpected promotion or raise. A useful way to conceptualize stress is to view it as a process whereby an individual","Stress in psychology is defined as a process whereby an individual perceives and responds to events appraised as overwhelming or threatening to one's well-being. This definition is response-based, conceptualizing stress chiefly in terms of the body's physiological reaction to any demand that is placed on it. It is a process that involves the coordinated activity of both the physiological and psychological systems, and can be viewed as a complex interaction between the individual's internal and external environments.","{""sections"": [""14.review Summary"", ""14.0 Introduction"", ""14.1 What Is Stress?"", ""14.3 Stress and Illness""], ""pages"": [485, 486, 489, 490, 495, 504, 530]}"
38,"stages, and if we do not have the proper nurturing and parenting during a stage, we will be stuck, or fixated, in that stage, even as adults. In each psychosexual stage of development, the child’s pleasure-seeking urges, coming from the id, are focused on a different area of the body, called an erogenous zone. The stages are oral, anal, phallic, latency, and genital (Table 11.1). Freud’s psychosexual development theory is quite controversial. To understand the origins of the theory, it is helpful to be familiar with the political, social, and cultural influences of Freud’s day in Vienna at the turn of the 20th century. During this era, a climate of sexual repression, combined with limited understanding and education surrounding human sexuality, heavily influenced Freud’s perspective.

that personality develops during early childhood. For Freud, childhood experiences shape our personalities and behavior as adults. Freud viewed development as discontinuous; he believed that each of us must pass through a series of stages during childhood, and that if we lack proper nurturance and parenting during a stage, we may become stuck, or fixated, in that stage. Freud’s stages are called the stages of psychosexual development. According to Freud, children’s pleasure-seeking urges are focused on a different area of the body, called an erogenous zone, at each of the five stages of development: oral, anal, phallic, latency, and genital. While most of Freud’s ideas have not found support in modern research, we cannot discount the contributions that Freud has made to the field of

understanding and education surrounding human sexuality, heavily influenced Freud’s perspective. Given that sex was a taboo topic, Freud assumed that negative emotional states (neuroses) stemmed from suppression of unconscious sexual and aggressive urges. For Freud, his own recollections and interpretations of patients’ experiences and dreams were sufficient proof that psychosexual stages were universal events in early childhood. Freud’s Stages of Psychosexual Development Stage Age (years) Erogenous Zone Major Conflict Adult Fixation Example Oral 0–1 Mouth Weaning off breast or bottle Smoking, overeating Anal 1–3 Anus Toilet training Neatness, messiness Phallic 3–6 Genitals Oedipus/Electra complex Vanity, overambition Latency 6–12 None None None TABLE 11.1 Stage Age (years) Erogenous Zone

theory, thanks in part to academics in the field (Freud, 1931/1968; Scott, 2005). Latency Period Following the phallic stage of psychosexual development is a period known as the latency period (6 years to puberty). This period is not considered a stage, because sexual feelings are dormant as children focus on other pursuits, such as school, friendships, hobbies, and sports. Children generally engage in activities with peers of the same sex, which serves to consolidate a child’s gender-role identity. Genital Stage The final stage is the genital stage (from puberty on). In this stage, there is a sexual reawakening as the incestuous urges resurface. The young person redirects these urges to other, more socially acceptable partners (who often resemble the other-sex parent). People in this

a. psychodynamic b. temperament c. humors d. personality 3. ________ is credited with the first comprehensive theory of personality. a. Hippocrates b. Gall c. Wundt d. Freud 4. An early science that tried to correlate personality with measurements of parts of a person’s skull is known as ________. a. phrenology b. psychology c. physiology d. personality psychology 5. The id operates on the ________ principle. a. reality b. pleasure c. instant gratification d. guilt 6. The ego defense mechanism in which a person who is confronted with anxiety returns to a more immature behavioral stage is called ________. a. repression b. regression c. reaction formation d. rationalization 7. The Oedipus complex occurs in the ________ stage of psychosexual development. a. oral b. anal c. phallic d. latency

feel, and behave in specific ways phallic stage psychosexual stage in which the focus is on the genitals projection ego defense mechanism in which a person confronted with anxiety disguises their unacceptable urges or behaviors by attributing them to other people Projective test personality assessment in which a person responds to ambiguous stimuli, revealing hidden feelings, impulses, and desires psychosexual stages of development stages of child development in which a child’s pleasure-seeking urges are focused on specific areas of the body called erogenous zones rationalization ego defense mechanism in which a person confronted with anxiety makes excuses to justify behavior reaction formation ego defense mechanism in which a person confronted with anxiety swaps unacceptable urges or

become so fearful of soiling that they over-control and become fixated at the anal stage, leading to the development of an anal-retentive personality. The anal-retentive personality is stingy and stubborn, has a compulsive need for order and neatness, and might be considered a perfectionist. If parents are too lenient in toilet training, the child may fail to develop sufficient self-control, become fixated at this stage, and develop an anal-expulsive personality. The anal-expulsive personality is messy, careless, disorganized, and prone to emotional outbursts. Phallic Stage Freud’s third stage of psychosexual development is the phallic stage (3–6 years), corresponding to the age when children become aware of their bodies and recognize the differences between boys and girls. The erogenous

the arrival of a newborn sibling may act like a baby and revert to drinking out of a bottle. In projection, a person refuses to acknowledge her own unconscious feelings and instead sees those feelings in someone else. Other defense mechanisms include rationalization, displacement, and sublimation. LINK TO LEARNING Watch this video of Freud's defense mechanisms (http://openstax.org/l/defmech) to review. Stages of Psychosexual Development Freud believed that personality develops during early childhood: Childhood experiences shape our personalities as well as our behavior as adults. He asserted that we develop via a series of stages during childhood. Each of us must pass through these childhood stages, and if we do not have the proper nurturing and parenting during a stage, we will be stuck,","According to Freud, the stages of psychosexual development are: oral, anal, phallic, latency, and genital. These stages are characterized by the focus of a child's pleasure-seeking urges on a different area of the body, called an erogenous zone, at each stage. The stages are: 

1. Oral stage (0-1 year): focused on the mouth, weaning off breast or bottle.
2. Anal stage (1-3 years): focused on the anus, toilet training, neatness, and messiness.
3. Phallic stage (3-6 years): focused on the genitals, Oedipus/Electra complex, vanity, and overambition.
4. Latency stage (6-12 years): a period of no sexual feelings, focusing on other pursuits.
5. Genital stage (puberty on): a sexual reawakening, redirecting urges to other, more socially acceptable partners.","{""sections"": [""11.2 Freud and the Psychodynamic Perspective"", ""9.2 Lifespan Theories"", ""11.review Review Questions"", ""11.review Key Terms""], ""pages"": [284, 366, 367, 391, 394]}"
39,"the experiment, but each group will experience a different level of the independent variable: the experimental group is exposed to the experimental manipulation, and the control group is not exposed to the experimental manipulation. The researcher then measures the changes that are produced in the dependent variable in each group. Once data is collected from both groups, it is analyzed statistically to determine if there are meaningful differences between the groups. Psychologists report their research findings in peer-reviewed journal articles. Research published in this format is checked by several other psychologists who serve as a filter separating ideas that are supported by evidence from ideas that are not. Replication has an important role in ensuring the legitimacy of published

from ideas that are not. Replication has an important role in ensuring the legitimacy of published research. In the long run, only those findings that are capable of being replicated consistently will achieve consensus in the scientific community. 2.4 Ethics Ethics in research is an evolving field, and some practices that were accepted or tolerated in the past would be considered unethical today. Researchers are expected to adhere to basic ethical guidelines when conducting experiments that involve human participants. Any experiment involving human participants must be approved by an IRB. Participation in experiments is voluntary and requires informed consent of the participants. If any deception is involved in the experiment, each participant must be fully debriefed upon the conclusion

elsewhere. For example, it would be a major advancement in the medical field if a published study indicated that taking a new drug helped individuals achieve a healthy weight without changing their diet. But if other scientists could not replicate the results, the original study’s claims would be questioned. In recent years, there has been increasing concern about a “replication crisis” that has affected a number of scientific fields, including psychology. Some of the most well-known studies and scientists have produced research that has failed to be replicated by others (as discussed in Shrout & Rodgers, 2018). In fact, even a famous Nobel Prize-winning scientist has recently retracted a published paper because she had difficulty replicating her results (Nobel Prize-winning scientist

can be weeded out, and even well-designed research can be improved by the revisions suggested. Peer review also ensures that the research is described clearly enough to allow other scientists to replicate it, meaning they can repeat the experiment using different samples to determine reliability. Sometimes replications involve additional measures that expand on the original finding. In any case, each replication serves to provide more evidence to support the original research findings. Successful replications of published research make scientists more apt to adopt those findings, while repeated failures tend to cast doubt on the legitimacy of the original article and lead scientists to look elsewhere. For example, it would be a major advancement in the medical field if a published study

by the authors seem reasonable given the observations made during the research. Peer reviewers also comment on how valuable the research is in advancing the discipline’s knowledge. This helps prevent unnecessary duplication of research findings in the scientific literature and, to some extent, ensures that each research article provides new information. Ultimately, the journal editor will compile all of the peer reviewer feedback and determine whether the article will be published in its current state (a rare occurrence), published with revisions, or not accepted for publication. Peer review provides some degree of quality control for psychological research. Poorly conceived or executed studies can be weeded out, and even well-designed research can be improved by the revisions suggested.

psychological research, this would mean that any instruments or tools used to collect data do so in consistent, reproducible ways. There are a number of different types of reliability. Some of these include inter-rater reliability (the degree to which two or more different observers agree on what has been observed), internal consistency (the degree to which different items on a survey that measure the same thing correlate with one another), and test-retest reliability (the degree to which the outcomes of a particular measure remain consistent over multiple administrations). Unfortunately, being consistent in measurement does not necessarily mean that you have measured something correctly. To illustrate this concept, consider a kitchen scale that would be used to measure the weight of

(Patel et al., 2019). This is likely due to the anti-vaccination movements that have risen from the debunked research. For more information about how the vaccine/autism story unfolded, as well as the repercussions of this story, take a look at Paul Offit’s book, Autism’s False Prophets: Bad Science, Risky Medicine, and the Search for a Cure. DIG DEEPER FIGURE 2.19 Some people still think vaccinations cause autism. (credit: modification of work by UNICEF Sverige) Reliability and Validity Reliability and validity are two important considerations that must be made with any type of data collection. Reliability refers to the ability to consistently produce a given result. In the context of psychological research, this would mean that any instruments or tools used to collect data do so in

are more independent. To some extent this may be true. Research suggests that overall rates of conformity may have reduced since the time of Asch’s research. Furthermore, efforts to replicate Asch’s study have made it clear that many factors determine how likely it is that someone will demonstrate conformity to the group. These factors include the participant’s age, gender, and socio-cultural background (Bond & Smith, 1996; Larsen, 1990; Walker & Andrade, 1996). LINK TO LEARNING Watch this video of a replication of the Asch experiment (http://openstax.org/l/Asch2) to learn more. Stanley Milgram’s Experiment Conformity is one effect of the influence of others on our thoughts, feelings, and behaviors. Another form of social influence is obedience to authority. Obedience is the change of an","Replication is crucial in psychological research as it ensures the legitimacy of published findings. Only those findings that are capable of being replicated consistently will achieve consensus in the scientific community. Replication provides more evidence to support the original research findings, and successful replications make scientists more apt to adopt those findings. Repeated failures, on the other hand, cast doubt on the legitimacy of the original article and lead scientists to look elsewhere. This process helps to weed out poorly conceived or executed studies and ensures that each research article provides new information.

Additionally, replication helps to prevent unnecessary duplication of research findings in the scientific literature. It also provides a degree of quality control for psychological research, allowing for the identification and rejection of flawed studies.","{""sections"": [""2.review Summary"", ""2.3 Analyzing Findings"", ""12.4 Conformity, Compliance, and Obedience""], ""pages"": [56, 57, 58, 65, 418]}"
40,"therapy. Both types of treatment help people with mental health issues, such as depression, anxiety, and schizophrenia. Psychotherapy is a psychological treatment that employs various methods to help someone overcome personal problems, or to attain personal growth. In modern practice, it has evolved into what is known as psychodynamic therapy, which will be discussed later. Biomedical therapy involves medication and/or medical procedures to treat psychological disorders. First, we will explore the various psychotherapeutic orientations outlined in Table 16.1 (many of these orientations were discussed in the Introduction chapter). Various Psychotherapy Techniques Type Description Example Psychodynamic psychotherapy Talk therapy based on belief that the unconscious and childhood conflicts

helpless. It isn't my fault. It takes forever to find a way out. Chapter Two I walk down the same street. There is a deep hole in the sidewalk. I pretend I don't see it. I fall in again. I can't believe I am in this same place. But, it isn't my fault. It still takes a long time to get out. Chapter Three I walk down the same street. There is a deep hole in the sidewalk. I see it is there. I still fall in . . . it's a habit . . . but, my eyes are open. I know where I am. It is my fault. I get out immediately. Chapter Four I walk down the same street. There is a deep hole in the sidewalk. I walk around it. Chapter Five I walk down another street. Two types of therapy are psychotherapy and biomedical therapy. Both types of treatment help people with mental health issues, such as depression,

16.2 Types of Treatment LEARNING OBJECTIVES By the end of this section, you will be able to: • Distinguish between psychotherapy and biomedical therapy • Recognize various orientations to psychotherapy • Discuss psychotropic medications and recognize which medications are used to treat specific psychological disorders One of the goals of therapy is to help a person stop repeating and reenacting destructive patterns and to start looking for better solutions to difficult situations. This goal is reflected in the following poem: Autobiography in Five Short Chapters by Portia Nelson (1993) Chapter One I walk down the street. There is a deep hole in the sidewalk. I fall in. I am lost. . . . I am helpless. It isn't my fault. It takes forever to find a way out. Chapter Two I walk down the same

refer him to someone who specializes in therapy. The person can receive outpatient mental health services from a variety of sources, including psychologists, psychiatrists, marriage and family therapists, school counselors, clinical social workers, and religious personnel. These therapy sessions would be covered through insurance, government funds, or private (self) pay. 16.2 Types of Treatment Psychoanalysis was developed by Sigmund Freud. Freud’s theory is that a person’s psychological problems are the result of repressed impulses or childhood trauma. The goal of the therapist is to help a person uncover buried feelings by using techniques such as free association and dream analysis. Play therapy is a psychodynamic therapy technique often used with children. The idea is that children

that CBT was as effective at treating depression (43% success rate) as prescription medication (50% success rate) compared to the placebo rate of 25% (DeRubeis et al., 2005). Another meta-analysis found that psychodynamic therapy was also as effective at treating these types of psychological issues as CBT (Shedler, 2010). However, no studies have found one psychotherapeutic approach more effective than another (Abbass, Kisely, & Kroenke, 2006; Chorpita et al., 2011), nor have they shown any relationship between a client’s treatment outcome and the level of the clinician’s training or experience (Wampold, 2007). Regardless of which type of psychotherapy an individual chooses, one critical factor that determines the success of treatment is the person’s relationship with the psychologist or

that have been influential in shaping how clinicians interact with people seeking psychotherapy. While aspects of the psychoanalytic theory are still found among some of today’s therapists who are trained from a psychodynamic perspective, Roger’s ideas about client-centered therapy have been especially influential in shaping how many clinicians operate. Furthermore, both behaviorism and the cognitive revolution have shaped clinical practice in the forms of behavioral therapy, cognitive therapy, and cognitive-behavioral therapy (Figure 1.16). Issues related to the diagnosis and treatment of psychological disorders and problematic patterns of behavior will be discussed in detail in later chapters of this textbook. FIGURE 1.16 Cognitive-behavioral therapists take cognitive processes and

psychotherapy Talk therapy based on belief that the unconscious and childhood conflicts impact behavior Patient talks about their past Play therapy Psychoanalytical therapy wherein interaction with toys is used instead of talk; used in child therapy Patient (child) acts out family scenes with dolls Behavior therapy Principles of learning applied to change undesirable behaviors Patient learns to overcome fear of elevators through several stages of relaxation techniques Cognitive therapy Awareness of cognitive process helps patients eliminate thought patterns that lead to distress Patient learns not to overgeneralize failure based on single failure Cognitive- behavioral therapy Work to change cognitive distortions and self- defeating behaviors Patient learns to identify self-defeating

Key Terms asylum institution created for the specific purpose of housing people with psychological disorders aversive conditioning counterconditioning technique that pairs an unpleasant stimulant with an undesirable behavior behavior therapy therapeutic orientation that employs principles of learning to help clients change undesirable behaviors biomedical therapy treatment that involves medication and/or medical procedures to treat psychological disorders cognitive therapy form of psychotherapy that focuses on how a person’s thoughts lead to feelings of distress, with the aim of helping them change these irrational thoughts cognitive-behavioral therapy form of psychotherapy that aims to change cognitive distortions and self- defeating behaviors comorbid disorder individual who has two or","There are several types of psychological therapies, including psychoanalytical therapy, play therapy, behavior therapy, cognitive therapy, and cognitive-behavioral therapy. These therapies employ different techniques and approaches to help individuals overcome mental health issues. Psychoanalytical therapy, for example, focuses on the unconscious and childhood conflicts, while play therapy uses interaction with toys to help children work through issues. Behavior therapy applies principles of learning to change undesirable behaviors, while cognitive therapy helps patients become aware of their thought patterns and eliminate those that lead to distress. Cognitive-behavioral therapy aims to change cognitive distortions and self-defeating behaviors.","{""sections"": [""16.2 Types of Treatment"", ""16.review Summary"", ""1.3 Contemporary Psychology"", ""16.review Key Terms""], ""pages"": [25, 605, 606, 607, 614, 627, 628]}"
41,"times the risk (Merikangas et al., 2011). The rate of concordance for major depressive disorder is higher among identical twins than fraternal twins (50% vs. 38%, respectively), as is that of bipolar disorder (67% vs. 16%, respectively), suggesting that genetic factors play a stronger role in bipolar disorder than in major depressive disorder (Merikangas et al. 2011). People with mood disorders often have imbalances in certain neurotransmitters, particularly norepinephrine and serotonin (Thase, 2009). These neurotransmitters are important regulators of the bodily functions that are disrupted in mood disorders, including appetite, sex drive, sleep, arousal, and mood. Medications that are used to treat major depressive disorder typically boost serotonin and norepinephrine activity, whereas

researchers as to which neurotransmitter plays which specific role (Blockland, 1996). Although we don’t yet know which role each neurotransmitter plays in memory, we do know that communication among neurons via neurotransmitters is critical for developing new memories. Repeated activity by neurons leads to increased neurotransmitters in the synapses and more efficient and more synaptic connections. This is how memory consolidation occurs. It is also believed that strong emotions trigger the formation of strong memories, and weaker emotional experiences form weaker memories; this is called arousal theory (Christianson, 1992). For example, strong emotional experiences can trigger the release of neurotransmitters, as well as hormones, which strengthen memory; therefore, our memory for an

task) (Kapur et al., 1994). Participants were then asked which words they had previously seen. Recall was much better for the semantic task than for the perceptual task. According to PET scans, there was much more activation in the left inferior prefrontal cortex in the semantic task. In another study, encoding was associated with left frontal activity, while retrieval of information was associated with the right frontal region (Craik et al., 1999). Neurotransmitters There also appear to be specific neurotransmitters involved with the process of memory, such as epinephrine, dopamine, serotonin, glutamate, and acetylcholine (Myhrer, 2003). There continues to be discussion and debate among researchers as to which neurotransmitter plays which specific role (Blockland, 1996). Although we

stable and global causes leads to a sense of hopelessness and then to depression International Classification of Diseases (ICD) authoritative index of mental and physical diseases, including infectious diseases, and the criteria for their diagnosis; published by the World Health Organization (WHO) locus coeruleus area of the brainstem that contains norepinephrine, a neurotransmitter that triggers the body’s fight-or-flight response; has been implicated in panic disorder major depressive disorder commonly referred to as “depression” or “major depression,” characterized by sadness or loss of pleasure in usual activities, as well other symptoms mania state of extreme elation and agitation manic episode period in which an individual experiences mania, characterized by extremely cheerful and

Psychologists who take a biological perspective and focus on the physiological causes of behavior assert that psychological disorders like depression and schizophrenia are associated with imbalances in one or more neurotransmitter systems. In this perspective, psychotropic medications can help improve the symptoms associated with these disorders. Psychotropic medications are drugs that treat psychiatric symptoms by restoring neurotransmitter balance. Major Neurotransmitters and How They Affect Behavior Neurotransmitter Involved in Potential Effect on Behavior Acetylcholine Muscle action, memory Increased arousal, enhanced cognition Beta-endorphin Pain, pleasure Decreased anxiety, decreased tension Dopamine Mood, sleep, learning Increased pleasure, suppressed appetite Gamma-aminobutyric

one cell to pass into the next. There are far fewer electrical synapses in the brain, but those that do exist are much faster than the chemical synapses that have been described above (Connors & Long, 2004). LINK TO LEARNING Watch this video about neuronal communication (http://openstax.org/l/neuroncom) to learn more. Neurotransmitters and Drugs There are several different types of neurotransmitters released by different neurons, and we can speak in broad terms about the kinds of functions associated with different neurotransmitters (Table 3.1). Much of what psychologists know about the functions of neurotransmitters comes from research on the effects of drugs in psychological disorders. Psychologists who take a biological perspective and focus on the physiological causes of behavior

types and classes of medications are prescribed for different disorders. An individual with depression might be given an antidepressant, an individual with bipolar disorder might be given a mood stabilizer, and an individual with schizophrenia might be given an antipsychotic. These medications treat the symptoms of a psychological disorder by altering the levels or effects of neurotransmitters. For example, each type of antidepressant affects a different neurotransmitter, such as SSRI (selective serotonin reuptake inhibitor) antidepressants that increase the level of the neurotransmitter serotonin, and SNRI (serotonin- norepinephrine reuptake inhibitor) antidepressants that increase the levels of both serotonin and norepinephrine. They can help people feel better so that they can function

low socioeconomic status, low intelligence, personal history of mental disorders, history of childhood adversity (abuse or other trauma during childhood), and family history of mental disorders (Brewin et al., 2000). Personality characteristics such as neuroticism and somatization (the tendency to experience physical symptoms when one encounters stress) have been shown to elevate the risk of PTSD (Bramsen, Dirkzwager, & van der Ploeg, 2000). People who experience childhood adversity and/or traumatic experiences during adulthood are at significantly higher risk of developing PTSD if they possess one or two short versions of a gene that regulates the neurotransmitter serotonin (Xie et al., 2009). This suggests a possible diathesis-stress interpretation of PTSD: its development is influenced","Neurotransmitters play a crucial role in mental health by regulating various bodily functions that are disrupted in mood disorders, such as appetite, sex drive, sleep, arousal, and mood. They also play a critical role in memory consolidation, with strong emotions triggering the formation of strong memories. Additionally, neurotransmitters such as serotonin and norepinephrine are involved in the development of psychological disorders like depression and schizophrenia.

Neurotransmitters can affect behavior in various ways, including increasing arousal, enhancing cognition, and regulating mood and sleep. For example, serotonin is involved in regulating mood and sleep, while dopamine is involved in regulating mood and learning. Psychotropic medications can help improve symptoms associated with these disorders by restoring neurotransmitter balance.","{""sections"": [""15.7 Mood and Related Disorders"", ""8.2 Parts of the Brain Involved with Memory"", ""15.review Key Terms"", ""3.2 Cells of the Nervous System"", ""16.2 Types of Treatment"", ""15.6 Posttraumatic Stress Disorder""], ""pages"": [82, 83, 257, 559, 564, 590, 615]}"
42,"quickly. In Europe, this field is referred to as ergonomics. FIGURE 13.2 (a) Industrial psychology focuses on hiring and maintaining employees. (b) Organizational psychology is interested in employee relationships and organizational culture. (credit a: modification of work by Cory Zanker; credit b: modification of work by Vitor Lima) FIGURE 13.3 Human factors psychology is the study of interactions between humans, tools, and work systems. (a) At a traditional desk, certain positioning is ideal for ergonomics and health. (b) Recent developments in workspaces include desks where people might sit on a ball, stand, or even cycle while working. (credit ""ball chair"": modification of work by Chris Rosario; credit ""standing desk"": modification of work by ""juhansonin_Flickr""/Flickr; credit ""cycle

Summary 13.1 What Is Industrial and Organizational Psychology? The field of I-O psychology had its birth in industrial psychology and the use of psychological concepts to aid in personnel selection. However, with research such as the Hawthorne study, it was found that productivity was affected more by human interaction and not physical factors; the field of industrial psychology expanded to include organizational psychology. Both WWI and WWII had a strong influence on the development of an expansion of industrial psychology in the United States and elsewhere: The tasks the psychologists were assigned led to development of tests and research in how the psychological concepts could assist industry and other areas. This movement aided in expanding industrial psychology to include

people will go in obeying orders from an authority figure. This advertisement was used to recruit subjects for his research. Industrial-Organizational Psychology Industrial-Organizational psychology (I-O psychology) is a subfield of psychology that applies psychological theories, principles, and research findings in industrial and organizational settings. I-O psychologists are often involved in issues related to personnel management, organizational structure, and workplace environment. Businesses often seek the aid of I-O psychologists to make the best hiring decisions as well as to create an environment that results in high levels of employee productivity and efficiency. In addition to its applied nature, I-O psychology also involves conducting scientific research on behavior within I-O

are hired, industrial psychology studies and develops ways to train, evaluate, and respond to those evaluations. As a consequence of its concern for candidate characteristics, industrial psychology must also consider issues of legality regarding discrimination in hiring. Organizational psychology is a discipline interested in how the relationships among employees affect those employees and the performance of a business. This includes studying worker satisfaction, motivation, and commitment. This field also studies management, leadership, and organizational culture, as well as how an organization’s structures, management and leadership styles, social norms, and role expectations affect individual behavior. As a result of its interest in worker wellbeing and relationships, organizational

and psychological ways. Industrial and organizational (I-O) psychology is a branch of psychology that studies how human behavior and psychology affect work and how they are affected by work. Industrial and organizational psychologists work in four main contexts: academia, government, consulting firms, and business. Most I-O psychologists have a master’s or doctorate degree. The field of I-O psychology can be divided into three broad areas (Figure 13.2 and Figure 13.3): industrial, organizational, and human factors. Industrial psychology is concerned with describing job requirements and assessing individuals for their ability to meet those requirements. In addition, once employees are hired, industrial psychology studies and develops ways to train, evaluate, and respond to those

13.3 Organizational Psychology: The Social Dimension of Work LEARNING OBJECTIVES By the end of this section, you will be able to: • Define organizational psychology • Explain the measurement and determinants of job satisfaction • Describe key elements of management and leadership • Explain the significance of organizational culture Organizational psychology is the second major branch of study and practice within the discipline of industrial and organizational psychology. In organizational psychology, the focus is on social interactions and their effect on the individual and on the functioning of the organization. In this section, you will learn about the work organizational psychologists have done to understand job satisfaction, different styles of management, different styles of

they can use to improve their lives and their current situations. When ensuring these underserved individuals receive training or education, the focus is on skills that, once learned, will never be forgotten and can serve individuals throughout their lifetimes as they seek employment (APA, 2016). Table 13.1 summarizes the main fields in I-O psychology, their focuses, and jobs within each field. Fields of Industrial Organizational Psychology Field of I-O Psychology Description Types of Jobs Industrial Psychology Specializes and focuses on the retention of employees and hiring practices to ensure the least number of firings and the greatest number of hirings relative to the organization’s size. Personnel Analyst Instructional Designer Professor Research Analyst Organizational Psychology

active area of research and practice in industrial psychology. 13.3 Organizational Psychology: The Social Dimension of Work Organizational psychology is concerned with the effects of interactions among people in the workplace on the employees themselves and on organizational productivity. Job satisfaction and its determinants and outcomes are a major focus of organizational psychology research and practice. Organizational psychologists have also studied the effects of management styles and leadership styles on productivity. In addition to the employees and management, organizational psychology also looks at the organizational culture and how that might affect productivity. One aspect of organization culture is the prevention and addressing of sexual and other forms of harassment in the","Industrial-organizational psychology is concerned with describing job requirements and assessing individuals for their ability to meet those requirements. Additionally, it studies and develops ways to train, evaluate, and respond to those evaluations. Furthermore, it considers issues of legality regarding discrimination in hiring. 

These themes are referred to as job requirements, individual assessments, training and evaluation, and legality regarding discrimination in hiring.","{""sections"": [""13.1 What Is Industrial and Organizational Psychology?"", ""13.review Review Questions"", ""1.3 Contemporary Psychology"", ""13.3 Organizational Psychology: The Social Dimension of Work""], ""pages"": [24, 448, 450, 467, 481]}"
43,"from collectivistic cultures. Our explanations for our own and others behaviors can be biased due to not having enough information about others’ motivations for behaviors and by providing explanations that bolster our self-esteem. 12.2 Self-presentation Human behavior is largely influenced by our social roles, norms, and scripts. In order to know how to act in a given situation, we have shared cultural knowledge of how to behave depending on our role in society. Social norms dictate the behavior that is appropriate or inappropriate for each role. Each social role has scripts that help humans learn the sequence of appropriate behaviors in a given setting. The famous Stanford prison experiment is an example of how the power of the situation can dictate the social roles, norms, and scripts

behavior including social roles, social norms, and scripts. We discuss how humans use the social environment as a source of information, or cues, on how to behave. Situational influences on our behavior have important consequences, such as whether we will help a stranger in an emergency or how we would behave in an unfamiliar environment. Social Roles One major social determinant of human behavior is our social roles. A social role is a pattern of behavior that is expected of a person in a given setting or group (Hare, 2003). Each one of us has several social roles. You may be, at the same time, a student, a parent, an aspiring teacher, a son or daughter, a spouse, and a lifeguard. How do these social roles influence your behavior? Social roles are defined by culturally shared knowledge.

getting the work completed. These are examples of how our social roles influence and often dictate our behavior to the extent that identity and personality can vary with context (that is, in different social groups) (Malloy, Albright, Kenny, Agatstein & Winquist, 1997). Social Norms As discussed previously, social roles are defined by a culture’s shared knowledge of what is expected behavior of an individual in a specific role. This shared knowledge comes from social norms. A social norm is a group’s expectation of what is appropriate and acceptable behavior for its members—how they are supposed to behave and think (Deutsch & Gerard, 1955; Berkowitz, 2004). How are we expected to act? What are we expected to talk about? What are we expected to wear? In our discussion of social roles we

12.2 Self-presentation LEARNING OBJECTIVES By the end of this section, you will be able to: • Describe social roles and how they influence behavior • Explain what social norms are and how they influence behavior • Define script • Describe the findings and criticisms of Zimbardo’s Stanford prison experiment As you’ve learned, social psychology is the study of how people affect one another’s thoughts, feelings, and behaviors. We have discussed situational perspectives and social psychology’s emphasis on the ways in which a person’s environment, including culture and other social influences, affect behavior. In this section, we examine situational forces that have a strong influence on human behavior including social roles, social norms, and scripts. We discuss how humans use the social

group expectations for appropriate thoughts and behaviors of its members. a. social role b. social norm c. script d. attribution 6. On his first day of soccer practice, Jose suits up in a t-shirt, shorts, and cleats and runs out to the field to join his teammates. Jose’s behavior is reflective of ________. a. a script b. social influence c. good athletic behavior d. normative behavior 7. When it comes to buying clothes, teenagers often follow social norms; this is likely motivated by ________. a. following parents’ rules b. saving money c. fitting in d. looking good 8. In the Stanford prison experiment, even the lead researcher succumbed to his role as a prison supervisor. This is an example of the power of ________ influencing behavior. a. scripts b. social norms c. conformity d. social

social roles influence your behavior? Social roles are defined by culturally shared knowledge. That is, nearly everyone in a given culture knows what behavior is expected of a person in a given role. For example, what is the social role for a student? If you look around a college classroom you will likely see students engaging in studious behavior, taking notes, listening to the professor, reading the textbook, and sitting quietly at their desks (Figure 12.8). Of course you may see students deviating from the expected studious behavior such as texting on their phones or using Facebook on their laptops, but in all cases, the students that you observe are attending class—a part of the social role of students. FIGURE 12.8 Being a student is just one of the many social roles you have.

in keeping a tally of the ratio of costs and benefits of forming and maintain a relationship, with the goal to maximize benefits and minimize costs social loafing exertion of less effort by a person working in a group because individual performance cannot be evaluated separately from the group, thus causing performance decline on easy tasks social norm group’s expectations regarding what is appropriate and acceptable for the thoughts and behavior of its members social psychology field of psychology that examines how people impact or affect each other, with particular focus on the power of the situation social role socially defined pattern of behavior that is expected of a person in a given setting or group stanford prison experiment Stanford University conducted an experiment in a mock

are hired, industrial psychology studies and develops ways to train, evaluate, and respond to those evaluations. As a consequence of its concern for candidate characteristics, industrial psychology must also consider issues of legality regarding discrimination in hiring. Organizational psychology is a discipline interested in how the relationships among employees affect those employees and the performance of a business. This includes studying worker satisfaction, motivation, and commitment. This field also studies management, leadership, and organizational culture, as well as how an organization’s structures, management and leadership styles, social norms, and role expectations affect individual behavior. As a result of its interest in worker wellbeing and relationships, organizational","Social norms are a group's expectation of what is appropriate and acceptable behavior for its members. They influence behavior by providing a shared understanding of what is expected of individuals in a given setting or group. Social norms dictate the behavior that is considered acceptable or unacceptable, and they can shape an individual's thoughts, feelings, and actions. In the context of social psychology, social norms play a significant role in shaping behavior, as they provide a shared cultural knowledge of what is expected of individuals in different social roles. 

Social norms can be thought of as a type of script that guides behavior in a given setting, and they can exert a powerful influence on behavior, as seen in the Stanford prison experiment. By conforming to social norms, individuals can avoid social disapproval and maintain social relationships, which can lead to a sense of belonging and identity.","{""sections"": [""12.review Summary"", ""12.2 Self-presentation"", ""12.review Review Questions"", ""12.review Key Terms"", ""13.1 What Is Industrial and Organizational Psychology?""], ""pages"": [406, 438, 439, 441, 448]}"
44,"conflict when interacting with people who are different from each other. Prejudice, or negative feelings and evaluations, is common when people are from a different social group (i.e., out-group). Negative attitudes toward out-groups can lead to discrimination. Prejudice and discrimination against others can be based on gender, race, ethnicity, social class, sexual orientation, or a variety of other social identities. In-group’s who feel threatened may blame the out-groups for their plight, thus using the out-group as a scapegoat for their frustration.

12.5 Prejudice and Discrimination LEARNING OBJECTIVES By the end of this section, you will be able to: • Define and distinguish among prejudice, stereotypes, and discrimination • Provide examples of prejudice, stereotypes, and discrimination • Explain why prejudice and discrimination exist Human conflict can result in crime, war, and mass murder, such as genocide. Prejudice and discrimination often are root causes of human conflict, which explains how strangers come to hate one another to the extreme of causing others harm. Prejudice and discrimination affect everyone. In this section we will examine the definitions of prejudice and discrimination, examples of these concepts, and causes of these biases. FIGURE 12.21 Prejudice and discrimination occur across the globe. (a) A 1939 sign in

such beliefs often influence how these athletes are treated by others and how they view themselves and their own capabilities. Whether or not you agree with a stereotype, stereotypes are generally well-known within a given culture (Devine, 1989). Sometimes people will act on their prejudiced attitudes toward a group of people, and this behavior is known as discrimination. Discrimination is negative action toward an individual as a result of one’s membership in a particular group (Allport, 1954; Dovidio & Gaertner, 2004). As a result of holding negative beliefs (stereotypes) and negative attitudes (prejudice) about a particular group, people often treat the target of prejudice poorly, such as excluding older adults from their circle of friends. In this way, discrimination is a form of

these biases. FIGURE 12.21 Prejudice and discrimination occur across the globe. (a) A 1939 sign in German-occupied Poland warns “No Entrance for Poles!” (b) An African-American male drinks from a designated “colored” water fountain in Oklahoma in 1939 during the era of racial segregation as a practice of discrimination. (credit b: modification of work by United States Farm Security Administration) Understanding Prejudice and Discrimination As we discussed in the opening story of Trayvon Martin, humans are very diverse and although we share many similarities, we also have many differences. The social groups we belong to help form our identities (Tajfel, 1974). These differences may be difficult for some people to reconcile, which may lead to prejudice toward people who are different.

University, 2019). Table 12.3 summarizes the characteristics of stereotypes, prejudice, and discrimination. Have you ever been the target of discrimination? If so, how did this negative treatment make you feel? Connecting Stereotypes, Prejudice, and Discrimination Item Function Connection Example Stereotype Cognitive; thoughts about people Overgeneralized beliefs about people may lead to prejudice. “Yankees fans are arrogant and obnoxious.” Prejudice Affective; feelings about people, both positive and negative Feelings may influence treatment of others, leading to discrimination. “I hate Yankees fans; they make me angry.” Discrimination Behavior; positive or negative treatment of others Holding stereotypes and harboring prejudice may lead to excluding, avoiding, and biased treatment of

stereotypes and harboring prejudice may lead to excluding, avoiding, and biased treatment of group members. “I would never hire nor become friends with a person if I knew they were a Yankees fan.” TABLE 12.3 So far, we’ve discussed stereotypes, prejudice, and discrimination as negative thoughts, feelings, and behaviors because these are typically the most problematic. However, it is important to also point out that people can hold positive thoughts, feelings, and behaviors toward individuals based on group membership; for example, they would show preferential treatment for people who are like themselves—that is, who share the same gender, race, or favorite sports team. LINK TO LEARNING Watch this video of a social experiment conducted in a park (http://openstax.org/l/racismexp) that

Watch this video of a social experiment conducted in a park (http://openstax.org/l/racismexp) that demonstrates the concepts of prejudice, stereotypes, and discrimination. In the video, three people try to steal a bike out in the open. The race and gender of the thief is varied: a White male teenager, a Black male teenager, and a White female. Does anyone try to stop them? The treatment of the teenagers in the video demonstrates the concept of racism. Prejudice and Discrimination When we meet strangers we automatically process three pieces of information about them: their race, gender, and age (Ito & Urland, 2003). Why are these aspects of an unfamiliar person so important? Why don’t we instead notice whether their eyes are friendly, whether they are smiling, their height, the type of

c. groupthink d. social loafing 17. Prejudice is to ________ as discrimination is to ________. a. feelings; behavior b. thoughts; feelings c. feelings; thoughts d. behavior; feelings 18. Which of the following is not a type of prejudice? a. homophobia b. racism c. sexism d. individualism 19. ________ occurs when the out-group is blamed for the in-group’s frustration. a. stereotyping b. in-group bias c. scapegoating d. ageism 20. When we seek out information that supports our stereotypes we are engaged in ________. a. scapegoating b. confirmation bias c. self-fulfilling prophecy d. in-group bias 21. Typically, bullying from boys is to ________ as bullying from girls is to ________. a. emotional harm; physical harm b. physical harm; emotional harm c. psychological harm; physical harm d.","Prejudice refers to negative feelings and evaluations of a particular group of people, often based on characteristics such as gender, race, or ethnicity. Discrimination, on the other hand, is negative action taken against an individual because of their membership in a particular group. In other words, prejudice is the attitude or feeling, while discrimination is the behavior that follows from that attitude.

The context does not provide a clear distinction between the two, but it suggests that prejudice often leads to discrimination. For example, if someone holds a prejudiced attitude towards a particular group, they may be more likely to act on that attitude by discriminating against individuals from that group.","{""sections"": [""12.review Summary"", ""12.5 Prejudice and Discrimination"", ""12.review Review Questions""], ""pages"": [422, 423, 424, 439, 442]}"
45,"of public schools was unconstitutional (Ethnicity and Health in America Series: Featured Psychologists, n.d.). FIGURE 2.3 (a) Margaret Floy Washburn was the first woman to earn a doctorate degree in psychology. (b) The outcome of Brown v. Board of Education was influenced by the research of psychologist Inez Beverly Prosser, who was the first African American woman to earn a PhD in psychology. Although the establishment of psychology’s scientific roots occurred first in Europe and the United States, it did not take much time until researchers from around the world began to establish their own laboratories and research programs. For example, some of the first experimental psychology laboratories in South America were founded by Horatio Piñero (1869–1919) at two institutions in Buenos

receive a PhD in psychology in 1920. His dissertation focused on issues related to psychoanalysis. Sumner also had research interests in racial bias and educational justice. Sumner was one of the founders of Howard University’s department of psychology, and because of his accomplishments, he is sometimes referred to as the “Father of Black Psychology.” Thirteen years later, Inez Beverly Prosser (1895–1934) became the first African American woman to receive a PhD in psychology. Prosser’s research highlighted issues related to education in segregated versus integrated schools, and ultimately, her work was very influential in the hallmark Brown v. Board of Education Supreme Court ruling that segregation of public schools was unconstitutional (Ethnicity and Health in America Series: Featured

I. Sanchez contested such testing with Mexican American children. As a psychologist of Mexican heritage, he pointed out that the language and cultural barriers in testing were keeping children from equal opportunities (Guthrie, 1998). By 1940, he was teaching with his doctoral degree at University of Texas at Austin and challenging segregated educational practices (Romo, 1986). Two famous African American researchers and psychologists are Mamie Phipps Clark and her husband, Kenneth Clark. They are best known for their studies conducted on African American children and doll preference, research that was instrumental in the Brown v. Board of Education Supreme Court desegregation case. The Clarks applied their research to social services and opened the first child guidance center in Harlem

applied their research to social services and opened the first child guidance center in Harlem (American Psychological Association, 2019). Listen to the podcast below describing the Clarks' research and impact on the Supreme Court decision. LINK TO LEARNING Listen to a podcast about the influence of an African American's psychology research on the historic Brown v. Board of Education civil rights case (http://openstax.org/l/crogers2) to learn more. The American Psychological Association has several ethnically based organizations for professional psychologists that facilitate interactions among members. Since psychologists belonging to specific ethnic groups or cultures have the most interest in studying the psychology of their communities, these organizations provide an opportunity for

Their research with African American children and doll choices was used to highlight the harmful effects of segregation and provided support for the Browns and the NAACP in their lawsuit against the Board of Education. The finding that African American children were more likely to choose a White doll over a Black doll, in both northern and southern states, led them to theorize that the children did not have a healthy concept of themselves (Clark & Clark, 1950). The Clarks’ research differed from that of Inez Beverly Prosser, who also studied African American children in segregated and integrated schools in Cincinnati. Parents could choose either environment for their children during the 1930s. She found, among other factors, that the self-concept of children at segregated schools was more

development occurs based on interactions among environments such as school, family, and community (Bronfenbrenner, 1977). The research that Spencer, Dupree, and Hartmann (1997) conducted with African American adolescent boys and girls was explained by PVEST. They found that negative learning attitudes were predicted by unpopularity with peers for girls and boys. Additionally, for boys, more stress predicted a less negative attitude toward learning, possibly due to focus on the school environment instead of on personal issues. This occurred along with perceiving that teachers had positive expectations of African American boys. The researchers surmised that PVEST accounted for how others’ perceptions and their subsequent attitudes were related and worked both ways. What can parents do to

conducted by the College Board suggests that scores on the SAT have high predictive validity for first-year college students’ GPA (Kobrin, Patterson, Shaw, Mattern, & Barbuti, 2008). In this context, predictive validity refers to the test’s ability to effectively predict the GPA of college freshmen. Given that many institutions of higher education require the SAT or ACT for admission, this high degree of predictive validity might be comforting. However, the emphasis placed on SAT or ACT scores in college admissions is changing based on a number of factors. For one, some researchers assert that these tests are biased, and students from historically marginalized populations are at a disadvantage that unfairly reduces the likelihood of being admitted into a college (Santelices & Wilson,

when children compare themselves to others. When the comparison is favorable, children feel a sense of competence and are motivated to work harder and accomplish more. Self-concept is re-evaluated in Erikson’s adolescence stage, as teens form an identity. They internalize the messages they have received regarding their strengths and weaknesses, keeping some messages and rejecting others. Adolescents who have achieved identity formation are capable of contributing positively to society (Erikson, 1968). Phenomenological Variant of Ecological Systems Theory (PVEST) Kenneth and Mamie Clark were pioneering psychologists responsible for the first psychological study used in a Supreme Court case. Their research with African American children and doll choices was used to highlight the harmful","The key takeaways from the Brown v. Board of Education research include: the harmful effects of segregation on African American children's self-concept, the importance of social interactions and environments in shaping development, and the predictive validity of standardized tests like the SAT. Additionally, the research highlighted the need for equal opportunities and challenged the notion that segregation was constitutional. The Clarks' research, in particular, showed that African American children were more likely to choose a White doll over a Black doll, indicating a lack of healthy self-concept. Their study was instrumental in the landmark Supreme Court decision that declared segregation in public schools unconstitutional.","{""sections"": [""2.1 Why Is Research Important?"", ""1.2 History of Psychology"", ""9.3 Stages of Development"", ""2.3 Analyzing Findings""], ""pages"": [17, 38, 59, 304, 305]}"
46,"and refined to reflect and incorporate the result of these tests Figure 2.5. FIGURE 2.5 The scientific method involves deriving hypotheses from theories and then testing those hypotheses. If the results are consistent with the theory, then the theory is supported. If the results are not consistent, then the theory should be modified and new hypotheses will be generated. To see how this process works, let’s consider a specific theory and a hypothesis that might be generated from that theory. As you’ll learn in a later chapter, the James-Lange theory of emotion asserts that emotional experience relies on the physiological arousal associated with the emotional state. If you walked out of your home and discovered a very aggressive snake waiting on your doorstep, your heart would begin to race

will better serve people of all backgrounds (Women and Minorities in Psychology, n.d.). The Process of Scientific Research Scientific knowledge is advanced through a process known as the scientific method. Basically, ideas (in the form of theories and hypotheses) are tested against the real world (in the form of empirical observations), and those empirical observations lead to more ideas that are tested against the real world, and so on. In this sense, the scientific process is circular. The types of reasoning within the circle are called deductive and inductive. In deductive reasoning, ideas are tested in the real world; in inductive reasoning, real-world observations lead to new ideas (Figure 2.4). These processes are inseparable, like inhaling and exhaling, but different research

explanation or group of explanations for some aspect of the natural world that is consistently supported by evidence over time. A theory is the best understanding we have of that part of the natural world. The researcher then makes observations or carries out an experiment to test the validity of the hypothesis. Those results are then published or presented at research conferences so that others can replicate or build on the results. Scientists test that which is perceivable and measurable. For example, the hypothesis that a bird sings because it is happy is not a hypothesis that can be tested since we have no way to measure the happiness of a bird. We must ask a different question, perhaps about the brain state of the bird, since this can be measured. However, we can ask individuals

Therefore, ducks require energy to survive (logical conclusion). In this example, the hypothesis is correct; therefore, the conclusion is correct as well. Sometimes, however, an incorrect hypothesis may lead to a logical but incorrect conclusion. Consider this argument: all ducks are born with the ability to see. Quackers is a duck. Therefore, Quackers was born with the ability to see. Scientists use deductive reasoning to empirically test their hypotheses. Returning to the example of the ducks, researchers might design a study to test the hypothesis that if all living things require energy to survive, then ducks will be found to require energy to survive. Deductive reasoning starts with a generalization that is tested against real-world observations; however, inductive reasoning moves in

on a number of direct observations. Scientists use inductive reasoning to formulate theories, which in turn generate hypotheses that are tested with deductive reasoning. In the end, science involves both deductive and inductive processes. For example, case studies, which you will read about in the next section, are heavily weighted on the side of empirical observations. Thus, case studies are closely associated with inductive processes as researchers gather massive amounts of observations and seek interesting patterns (new ideas) in the data. Experimental research, on the other hand, puts great emphasis on deductive reasoning. We’ve stated that theories and hypotheses are ideas, but what sort of ideas are they, exactly? A theory is a well- developed set of ideas that propose an

what sort of ideas are they, exactly? A theory is a well- developed set of ideas that propose an explanation for observed phenomena. Theories are repeatedly checked against the world, but they tend to be too complex to be tested all at once; instead, researchers create hypotheses to test specific aspects of a theory. A hypothesis is a testable prediction about how the world will behave if our idea is correct, and it is often worded as an if-then statement (e.g., if I study all night, I will get a passing grade on the test). The hypothesis is extremely important because it bridges the gap between the realm of ideas and the real world. As specific hypotheses are tested, theories are modified and refined to reflect and incorporate the result of these tests Figure 2.5. FIGURE 2.5 The

for design and implementation. The Experimental Hypothesis In order to conduct an experiment, a researcher must have a specific hypothesis to be tested. As you’ve learned, hypotheses can be formulated either through direct observation of the real world or after careful review of previous research. For example, if you think that the use of technology in the classroom has negative impacts on learning, then you have basically formulated a hypothesis—namely, that the use of technology in the classroom should be limited because it decreases learning. How might you have arrived at this particular hypothesis? You may have noticed that your classmates who take notes on their laptops perform at lower levels on class exams than those who take notes by hand, or those who receive a lesson via a

time again, regardless of who is observing experimental group group designed to answer the research question; experimental manipulation is the only difference between the experimental and control groups, so any differences between the two are due to experimental manipulation rather than chance experimenter bias researcher expectations skew the results of the study fact objective and verifiable observation, established using evidence collected through empirical research falsifiable able to be disproven by experimental results generalize inferring that the results for a sample apply to the larger population hypothesis (plural: hypotheses) tentative and testable statement about the relationship between two or more variables illusory correlation seeing relationships between two things when in","The scientific process of hypothesis testing involves formulating a hypothesis, testing it through experimentation or observation, and then using the results to refine or modify the hypothesis. This process is circular, with the hypothesis being tested and then used to generate new hypotheses, which are then tested again. The process involves deductive reasoning, where ideas are tested against the real world, and inductive reasoning, where real-world observations lead to new ideas. The scientific process also involves the use of empirical observations and the establishment of a control group to ensure that any differences between the experimental and control groups are due to experimental manipulation rather than chance or experimenter bias.","{""sections"": [""2.1 Why Is Research Important?"", ""1.1 What Is Psychology?"", ""2.3 Analyzing Findings"", ""2.review Key Terms""], ""pages"": [8, 39, 40, 51, 63]}"
47,"Craven (Halonen, 2011). About 6 percent of all bachelor degrees granted in the United States are in the discipline of psychology (U.S. Department of Education, 2016). An education in psychology is valuable for a number of reasons. Psychology students hone critical thinking skills and are trained in the use of the scientific method. Critical thinking is the active application of a set of skills to information for the understanding and evaluation of that information. The evaluation of information—assessing its reliability and usefulness— is an important skill in a world full of competing “facts,” many of which are designed to be misleading. For example, critical thinking involves maintaining an attitude of skepticism, recognizing internal biases, making use of logical thinking, asking

1.1 What Is Psychology? LEARNING OBJECTIVES By the end of this section, you will be able to: • Define psychology • Understand the merits of an education in psychology What is creativity? What are prejudice and discrimination? What is consciousness? The field of psychology explores questions like these. Psychology refers to the scientific study of the mind and behavior. Psychologists use the scientific method to acquire knowledge. To apply the scientific method, a researcher with a question about how or why something happens will propose a tentative explanation, called a hypothesis, to explain the phenomenon. A hypothesis should fit into the context of a scientific theory, which is a broad explanation or group of explanations for some aspect of the natural world that is consistently

applied nature, I-O psychology also involves conducting scientific research on behavior within I-O settings (Riggio, 2013). Health Psychology Health psychology focuses on how health is affected by the interaction of biological, psychological, and sociocultural factors. This particular approach is known as the biopsychosocial model (Figure 1.15). Health psychologists are interested in helping individuals achieve better health through public policy, education, intervention, and research. Health psychologists might conduct research that explores the relationship between one’s genetic makeup, patterns of behavior, relationships, psychological stress, and health. They may research effective ways to motivate people to address patterns of behavior that contribute to poorer health (MacDonald,

n.d.), in some capacities related to sport psychology (American Psychological Association, 2014), or as consultants in various industrial settings (Landers, 2011, June 14). Undergraduate coursework in psychology may be applicable to other careers such as psychiatric social work or psychiatric nursing, where assessments and therapy may be a part of the job. As mentioned in the opening section of this chapter, an undergraduate education in psychology is associated with a knowledge base and skill set that many employers find quite attractive. It should come as no surprise, then, that individuals earning bachelor’s degrees in psychology find themselves in a number of different careers, as shown in Table 1.1. Examples of a few such careers can involve serving as case managers, working in

their research skills under the supervision of other professionals in the field psychoanalytic theory focus on the role of the unconscious in affecting conscious behavior psychology scientific study of the mind and behavior PsyD (doctor of psychology) doctoral degree that places less emphasis on research-oriented skills and focuses more on application of psychological principles in the clinical context sport and exercise psychology area of psychology that focuses on the interactions between mental and emotional factors and physical performance in sports, exercise, and other activities structuralism understanding the conscious experience through introspection Summary 1.1 What Is Psychology? Psychology is defined as the scientific study of mind and behavior. Students of psychology develop

both situational and cultural influences on behavior; thus, a more nuanced explanation of the causes of others’ behavior becomes more likely. (You will learn more about collectivistic and individualistic cultures when you learn about social psychology.) In educational settings, students are more likely to experience intrinsic motivation to learn when they feel a sense of belonging and respect in the classroom. This internalization can be enhanced if the evaluative aspects of the classroom are de-emphasized and if students feel that they exercise some control over the learning environment. Furthermore, providing students with activities that are challenging, yet doable, along with a rationale for engaging in various learning activities can enhance intrinsic motivation for those tasks

everything important in psychology (except ... such matters as involve society and words) can be investigated in essence through the continued experimental and theoretical analysis of the determiners of rat behavior at a choice-point in a maze.” FIGURE 1.5 John B. Watson is known as the father of behaviorism within psychology. Behaviorism dominated experimental psychology for several decades, and its influence can still be felt today (Thorne & Henley, 2005). Behaviorism is largely responsible for establishing psychology as a scientific discipline through its objective methods and especially experimentation. In addition, it is used in behavioral and cognitive-behavioral therapy. Behavior modification is commonly used in classroom settings. Behaviorism has also led to research on

an attitude of skepticism, recognizing internal biases, making use of logical thinking, asking appropriate questions, and making observations. Psychology students also can develop better communication skills during the course of their undergraduate coursework (American Psychological Association, 2011). Together, these factors increase students’ scientific literacy and prepare students to critically evaluate the various sources of information they encounter. In addition to these broad-based skills, psychology students come to understand the complex factors that shape one’s behavior. They appreciate the interaction of our biology, our environment, and our experiences in determining who we are and how we will behave. They learn about basic principles that guide how we think and behave, and","Applications of psychology in education include serving as case managers, working in research settings, and applying psychological principles in clinical contexts. These roles utilize the skills and knowledge gained through an undergraduate education in psychology, such as assessments and therapy. Additionally, psychology students develop skills in critical thinking, communication, and scientific literacy, which are valuable in various educational settings.

There is no specific mention of ""sport and exercise psychology"" as an application of psychology in education in the provided context.","{""sections"": [""1.1 What Is Psychology?"", ""1.3 Contemporary Psychology"", ""1.4 Careers in Psychology"", ""1.review Summary"", ""10.1 Motivation"", ""1.2 History of Psychology""], ""pages"": [8, 9, 13, 24, 28, 30, 323]}"
48,"have been identified. 15.7 Mood and Related Disorders Mood disorders are those in which the person experiences severe disturbances in mood and emotion. They include depressive disorders and bipolar and related disorders. Depressive disorders include major depressive disorder, which is characterized by episodes of profound sadness and loss of interest or pleasure in usual activities and other associated features, and persistent depressive disorder, which marked by a chronic state of sadness. Bipolar disorder is characterized by mood states that vacillate between sadness and euphoria; a diagnosis of bipolar disorder requires experiencing at least one manic episode, which is defined as a period of extreme euphoria, irritability, and increased activity. During a manic episode, a person will

disorder childhood disorder characterized by deficits in social interaction and communication, and repetitive patterns of behavior or interests bipolar and related disorders group of mood disorders in which mania is the defining feature bipolar disorder mood disorder characterized by mood states that vacillate between depression and mania body dysmorphic disorder involves excessive preoccupation with an imagined defect in physical appearance borderline personality disorder instability in interpersonal relationships, self-image, and mood, as well as impulsivity; key features include intolerance of being alone and fear of abandonment, unstable relationships, unpredictable behavior and moods, and intense and inappropriate anger catatonic behavior decreased reactivity to the environment;

and his life is hopeless, he cannot get out of bed. Crystal stays up all night, talks very rapidly, and went on a shopping spree in which she spent $3,000 on furniture, although she cannot afford it. Maria recently had a baby, and she feels overwhelmed, teary, anxious, and panicked, and believes she is a terrible mother—practically every day since the baby was born. All these individuals demonstrate symptoms of a potential mood disorder. Mood disorders (Figure 15.15) are characterized by severe disturbances in mood and emotions—most often depression, but also mania and elation (Rothschild, 1999). All of us experience fluctuations in our moods and emotional states, and often these fluctuations are caused by events in our lives. We become elated if our favorite team wins the World Series

15.11 Personality Disorders LEARNING OBJECTIVES By the end of this section, you will be able to: • Describe the nature of personality disorders and how they differ from other disorders • List and distinguish between the three clusters of personality disorders • Identify the basic features of borderline personality disorder and antisocial personality disorder, and the factors that are important in the etiology of both The term personality refers loosely to one’s stable, consistent, and distinctive way of thinking about, feeling, acting, and relating to the world. People with personality disorders exhibit a personality style that differs markedly from the expectations of their culture, is pervasive and inflexible, begins in adolescence or early adulthood, and causes distress or impairment

that develops abruptly; symptoms of panic attacks are both physiological and psychological panic disorder anxiety disorder characterized by unexpected panic attacks, along with at least one month of worry about panic attacks or self-defeating behavior related to the attacks paranoid delusion characterized by beliefs that others are out to harm them peripartum onset subtype of depression that applies to women who experience an episode of major depression either during pregnancy or in the four weeks following childbirth persistent depressive disorder depressive disorder characterized by a chronically sad and melancholy mood personality disorder group of DSM-5 disorders characterized by an inflexible and pervasive personality style that differs markedly from the expectations of one’s culture

15.7 Mood and Related Disorders LEARNING OBJECTIVES By the end of this section, you will be able to: • Distinguish normal states of sadness and euphoria from states of depression and mania • Describe the symptoms of major depressive disorder and bipolar disorder • Understand the differences between major depressive disorder and persistent depressive disorder, and identify two subtypes of depression • Define the criteria for a manic episode • Understand genetic, biological, and psychological explanations of major depressive disorder • Discuss the relationship between mood disorders and suicidal ideation, as well as factors associated with suicide Blake cries all day and feeling that he is worthless and his life is hopeless, he cannot get out of bed. Crystal stays up all night, talks very

episode period in which an individual experiences mania, characterized by extremely cheerful and euphoric mood, excessive talkativeness, irritability, increased activity levels, and other symptoms mood disorder one of a group of disorders characterized by severe disturbances in mood and emotions; the categories of mood disorders listed in the DSM-5 are bipolar and related disorders and depressive disorders negative symptom characterized by decreases and absences in certain normal behaviors, emotions, or drives, such as an expressionless face, lack of motivation to engage in activities, reduced speech, lack of social engagement, and inability to experience pleasure neurodevelopmental disorder one of the disorders that are first diagnosed in childhood and involve developmental problems in

are caused by events in our lives. We become elated if our favorite team wins the World Series and dejected if a romantic relationship ends or if we lose our job. At times, we feel fantastic or miserable for no clear reason. People with mood disorders also experience mood fluctuations, but their fluctuations are extreme, distort their outlook on life, and impair their ability to function. FIGURE 15.15 Mood disorders are characterized by massive disruptions in mood. Symptoms can range from the extreme sadness and hopelessness of depression to the extreme elation and irritability of mania. (credit: Kiran Foster) The DSM-5 lists two general categories of mood disorders. Depressive disorders are a group of disorders in which depression is the main feature. Depression is a vague term that, in","Mood disorders and personality disorders are two distinct categories of mental health disorders. Mood disorders are characterized by severe disturbances in mood and emotions, with symptoms such as depression, mania, and elation, which are often caused by events in one's life. In contrast, personality disorders are characterized by a pervasive and inflexible personality style that differs markedly from the expectations of one's culture, causing distress or impairment.

There is no specific difference in the way mood disorders and personality disorders are defined, but rather they are two separate categories of disorders with distinct symptoms and characteristics.","{""sections"": [""15.review Summary"", ""15.review Key Terms"", ""15.7 Mood and Related Disorders"", ""15.11 Personality Disorders""], ""pages"": [560, 561, 582, 589, 590, 592]}"
49,"and how we will behave. They learn about basic principles that guide how we think and behave, and they come to recognize the tremendous diversity that exists across individuals and across cultural boundaries (American Psychological Association, 2011). LINK TO LEARNING Watch a brief video about some questions to consider before deciding to major in psychology (http://openstax.org/l/psycmajor) to learn more.

of a feminist psychology that attempted to be free of the influence of male cultural biases on our knowledge of the psychology of women. Crawford & Marecek (1989) identify several feminist approaches to psychology that can be described as feminist psychology. These include re-evaluating and discovering the contributions of women to the history of psychology, studying psychological gender differences, and questioning the male bias present across the practice of the scientific approach to knowledge. Multicultural And Cross-Cultural Psychology Culture impacts individuals, groups, and society. An ongoing issue researchers are trying to correct is that certain populations have been over-studied and the results of these studies have been applied to other populations. For example, Henrich,

and the results of these studies have been applied to other populations. For example, Henrich, Heine, and Norenzayan discuss how WEIRD societies have been overstudied and the results have been wrongly applied to non-WEIRD societies (2010). WEIRD stands for western, educated, industrialized, rich, and democratic. Henrich, Heine, and Norenzayan found that there are many differences between people in the WEIRD group and people in less industrialized, less urban, and non- Western societies. These differences occur in a variety of areas, including perception, cooperation, and moral reasoning. That is, people vary depending on their culture and environment. Multicultural psychologists develop theories and conduct research with diverse populations, typically within one country. Cross-cultural

applied their research to social services and opened the first child guidance center in Harlem (American Psychological Association, 2019). Listen to the podcast below describing the Clarks' research and impact on the Supreme Court decision. LINK TO LEARNING Listen to a podcast about the influence of an African American's psychology research on the historic Brown v. Board of Education civil rights case (http://openstax.org/l/crogers2) to learn more. The American Psychological Association has several ethnically based organizations for professional psychologists that facilitate interactions among members. Since psychologists belonging to specific ethnic groups or cultures have the most interest in studying the psychology of their communities, these organizations provide an opportunity for

and conduct research with diverse populations, typically within one country. Cross-cultural psychologists compare populations across countries, such as participants from the United States compared to participants from China. In 1920, Francis Cecil Sumner was the first African American to receive a PhD in psychology in the United States. Sumner established a psychology degree program at Howard University, leading to the education of a new generation of African American psychologists (Black, Spence, and Omari, 2004). Much of the work of early psychologists from diverse backgrounds was dedicated to challenging intelligence testing and promoting innovative educational methods for children. George I. Sanchez contested such testing with Mexican American children. As a psychologist of Mexican

and even our cultural backgrounds. Cognitive Psychology As mentioned in the previous section, the cognitive revolution created an impetus for psychologists to focus their attention on better understanding the mind and mental processes that underlie behavior. Thus, cognitive psychology is the area of psychology that focuses on studying cognitions, or thoughts, and their relationship to our experiences and our actions. Like biological psychology, cognitive psychology is broad in its scope and often involves collaborations among people from a diverse range of disciplinary backgrounds. This has led some to coin the term cognitive science to describe the interdisciplinary nature of this area of research (Miller, 2003). Cognitive psychologists have research interests that span a spectrum of

Jost, Gosling, & Potter (2009) noted an overlap between geographical regions and personality characteristics that goes beyond the often-used explanations of religion, racial diversity, and education. Their research suggests that the psychological profile of a region is closely related to that of its residents. They found that levels of openness and conscientiousness in a state may predict voting patterns, indicating that there are correlations between geographic regions and personality differences between liberals and conservatives relating to political views, levels of economic vitality, and entrepreneurial rates. Personality in Individualist and Collectivist Cultures Individualist cultures and collectivist cultures place emphasis on different basic values. People who live in

varies across cultures. Let’s take a look at some of the Big Five factors (conscientiousness, neuroticism, openness, and extroversion) across cultures. As you will learn when you study social psychology, Asian cultures are more collectivist, and people in these cultures tend to be less extroverted. People in Central and South American cultures tend to score higher on openness to experience, whereas Europeans score higher on neuroticism (Benet-Martinez & Karakitapoglu-Aygun, 2003). According to a study by Rentfrow and colleagues, there also seem to be regional personality differences within the United States (Figure 11.15). Researchers analyzed responses from over 1.5 million individuals in the United States and found that there are three distinct regional personality clusters: Cluster 1,","Cultural diversity can impact psychological research in several ways. For example, certain populations have been over-studied, and the results of these studies have been applied to other populations without consideration for cultural differences. This is known as the WEIRD (western, educated, industrialized, rich, and democratic) problem, where research conducted in Western societies is often applied to non-Western societies without adjustment for cultural differences. Additionally, cultural diversity can lead to differences in perception, cooperation, and moral reasoning, as people vary depending on their culture and environment.

Multicultural psychologists develop theories and conduct research with diverse populations, typically within one country, to address these issues. They also compare populations across countries, such as participants from the United States compared to participants from China, to gain a more comprehensive understanding of cultural differences.","{""sections"": [""1.1 What Is Psychology?"", ""1.2 History of Psychology"", ""1.3 Contemporary Psychology"", ""11.8 Cultural Understandings of Personality""], ""pages"": [9, 17, 21, 384, 385]}"
50,"Craven (Halonen, 2011). About 6 percent of all bachelor degrees granted in the United States are in the discipline of psychology (U.S. Department of Education, 2016). An education in psychology is valuable for a number of reasons. Psychology students hone critical thinking skills and are trained in the use of the scientific method. Critical thinking is the active application of a set of skills to information for the understanding and evaluation of that information. The evaluation of information—assessing its reliability and usefulness— is an important skill in a world full of competing “facts,” many of which are designed to be misleading. For example, critical thinking involves maintaining an attitude of skepticism, recognizing internal biases, making use of logical thinking, asking

Psychology is defined as the scientific study of mind and behavior. Students of psychology develop critical thinking skills, become familiar with the scientific method, and recognize the complexity of behavior. 1.2 History of Psychology Before the time of Wundt and James, questions about the mind were considered by philosophers. However, both Wundt and James helped create psychology as a distinct scientific discipline. Wundt was a structuralist, which meant he believed that our cognitive experience was best understood by breaking that experience into its component parts. He thought this was best accomplished by introspection. William James was the first American psychologist, and he was a proponent of functionalism. This particular perspective focused on how mental activities served as

an undergraduate education in psychology are useful in a variety of work contexts. Review Questions 1. Which of the following was mentioned as a skill to which psychology students would be exposed? a. critical thinking b. use of the scientific method c. critical evaluation of sources of information d. all of the above 2. Before psychology became a recognized academic discipline, matters of the mind were undertaken by those in ________. a. biology b. chemistry c. philosophy d. physics 3. In the scientific method, a hypothesis is a(n) ________. a. observation b. measurement c. test d. proposed explanation 4. Based on your reading, which theorist would have been most likely to agree with this statement: Perceptual phenomena are best understood as a combination of their components. a. William

an attitude of skepticism, recognizing internal biases, making use of logical thinking, asking appropriate questions, and making observations. Psychology students also can develop better communication skills during the course of their undergraduate coursework (American Psychological Association, 2011). Together, these factors increase students’ scientific literacy and prepare students to critically evaluate the various sources of information they encounter. In addition to these broad-based skills, psychology students come to understand the complex factors that shape one’s behavior. They appreciate the interaction of our biology, our environment, and our experiences in determining who we are and how we will behave. They learn about basic principles that guide how we think and behave, and

frequency of coworker visits d. presence of an offensive sign 14. A human factors psychologist who studied how a worker interacted with a search engine would be researching in the area of ________. a. attention b. cognitive engineering c. job satisfaction d. management Critical Thinking Questions 15. What societal and management attitudes might have caused organizational psychology to develop later than industrial psychology? 16. Many of the examples of I-O psychology are applications to businesses. Name four different non-business contexts that I-O psychology could impact? 17. Construct a good interview question for a position of your choosing. The question should relate to a specific skill requirement for the position and you will need to include the criteria for rating the applicants

15. One would need at least a(n) ________ degree to serve as a school psychologist. a. associate’s b. bachelor’s c. master’s d. doctoral Critical Thinking Questions 16. Why do you think psychology courses like this one are often requirements of so many different programs of study? 17. Why do you think many people might be skeptical about psychology being a science? 18. How did the object of study in psychology change over the history of the field since the 19th century? 19. In part, what aspect of psychology was the behaviorist approach to psychology a reaction to? 20. Given the incredible diversity among the various areas of psychology that were described in this section, how do they all fit together? 21. What are the potential ethical concerns associated with Milgram’s research on

b. memory deficits c. parental overprotection d. increased empathy Critical Thinking Questions 23. Discuss why thoughts, feelings, or behaviors that are merely atypical or unusual would not necessarily signify the presence of a psychological disorder. Provide an example. 24. Describe the DSM-5. What is it, what kind of information does it contain, and why is it important to the study and treatment of psychological disorders? 25. The International Classification of Diseases (ICD) and the DSM differ in various ways. What are some of the differences in these two classification systems? 26. Why is the perspective one uses in explaining a psychological disorder important? 27. Describe how cognitive theories of the etiology of anxiety disorders differ from learning theories. 28. Discuss the

24. Before participating in an experiment, individuals should read and sign the ________ form. a. informed consent b. debriefing c. IRB d. ethics Critical Thinking Questions 25. In this section, there was a discussion about researchers arriving at different conclusions about the use of technology in certain student populations, with one study determining that a smartphone app for surgery students seemed effective, but another study finding negative impacts on sleep, communication, and time management resulting from the use of technology by undergraduates. How might an educational leader best work through these discrepancies? 26. The scientific method is often described as self-correcting and cyclical. Briefly describe your understanding of the scientific method with regard to these","Critical thinking is an active application of a set of skills to information for the understanding and evaluation of that information. It involves maintaining an attitude of skepticism, recognizing internal biases, making use of logical thinking, asking appropriate questions, and making observations. This skill is valuable in a world full of competing ""facts,"" many of which are designed to be misleading. In the context of psychology, critical thinking is essential for evaluating the reliability and usefulness of information, recognizing the complexity of behavior, and developing scientific literacy.","{""sections"": [""1.1 What Is Psychology?"", ""1.review Summary"", ""1.review Review Questions"", ""13.review Critical Thinking Questions"", ""1.review Personal Application Questions"", ""15.review Critical Thinking Questions"", ""2.review Critical Thinking Questions""], ""pages"": [8, 9, 30, 32, 34, 69, 483, 597]}"
